"id","name","created_at","size","watchers","forks_count","open_issues_count","license","language"
"14204342","datasharing","2013-11-07T13:25:07Z","590","4478","189109","439","null","null"
"15917132","ProgrammingAssignment2","2014-01-14T22:07:41Z","6670","549","112916","2569","null","R"
"1300192","Spoon-Knife","2011-01-27T19:30:43Z","1407736","10050","100061","12577","null","HTML"
"45717250","tensorflow","2015-11-07T01:19:20Z","255436","109398","67479","1850","Apache License 2.0","C++"
"2126244","bootstrap","2011-07-29T21:19:00Z","126269","127335","62061","505","MIT License","CSS"
"16659106","ExData_Plotting1","2014-02-09T03:37:01Z","61643","160","48340","587","null","null"
"40212802","SmartThingsPublic","2015-08-04T22:48:02Z","10854","1003","44342","1015","null","Groovy"
"1062897","gitignore","2010-11-08T20:17:14Z","1695","72558","33786","159","Creative Commons Zero v1.0 Universal","null"
"16709733","RepData_PeerAssessment1","2014-02-10T21:20:28Z","29349","70","30753","260","null","null"
"460078","angular.js","2010-01-06T00:34:37Z","99306","59110","28997","494","MIT License","JavaScript"
"13491895","free-programming-books","2013-10-11T06:50:37Z","4568","111133","28110","17","Other","null"
"16099249","courses","2014-01-21T10:22:57Z","1083379","3030","26727","91","null","HTML"
"24366295","frontend-nanodegree-resume","2014-09-23T10:08:07Z","67253","978","25418","58","null","JavaScript"
"51117837","models","2016-02-05T01:15:20Z","572061","41331","24690","1319","Apache License 2.0","Python"
"2325298","linux","2011-09-04T22:48:12Z","2244593","63006","22959","228","Other","C"
"24659289","recipes","2014-09-30T23:22:08Z","5472","57","21806","2044","null","null"
"16599031","jekyll-now","2014-02-07T00:14:55Z","8406","5214","21570","147","MIT License","CSS"
"15783450","patchwork","2014-01-10T00:00:11Z","118311","772","21018","421","Other","HTML"
"1181927","bitcoin","2010-12-19T15:16:43Z","113756","34672","20991","826","MIT License","C++"
"6296790","spring-boot","2012-10-19T15:02:57Z","80592","28889","20506","378","Apache License 2.0","Java"
"10270250","react","2013-05-24T16:15:54Z","138342","111137","19866","370","MIT License","JavaScript"
"5108051","opencv","2012-07-19T09:40:17Z","460339","27592","19794","1527","Other","C++"
"943149","d3","2010-09-27T17:22:42Z","35965","78726","19723","6","BSD 3-Clause "New" or "Revised" License","JavaScript"
"60493101","coding-interview-university","2016-06-06T02:34:12Z","8839","68469","19640","52","Creative Commons Attribution Share Alike 4.0","null"
"20042152","cgm-remote-monitor","2014-05-22T00:32:28Z","15759","534","19206","169","Other","JavaScript"
"17165658","spark","2014-02-25T08:00:08Z","281683","18759","16895","491","Apache License 2.0","Scala"
"576201","three.js","2010-03-23T18:58:01Z","681907","44784","16866","722","MIT License","JavaScript"
"167174","jquery","2009-04-03T15:20:14Z","27931","49960","16794","88","MIT License","JavaScript"
"14440270","You-Dont-Know-JS","2013-11-16T02:37:24Z","7346","88277","16678","185","Other","null"
"4086616","shadowsocks","2012-04-20T13:10:49Z","934","26650","16579","362","null","Python"
"8514","rails","2008-04-11T02:19:47Z","166320","40818","16488","1098","MIT License","Ruby"
"11730342","vue","2013-07-29T03:24:51Z","23749","113825","16016","309","MIT License","JavaScript"
"17446152","2048","2014-03-05T16:03:26Z","572","9744","15849","93","MIT License","CSS"
"12791642","caffe","2013-09-12T18:39:48Z","67255","25543","15598","822","Other","C++"
"4164482","django","2012-04-28T02:47:18Z","182266","36360","15582","147","Other","Python"
"29028775","react-native","2015-01-09T18:10:16Z","263745","68604","15395","883","Other","JavaScript"
"291137","oh-my-zsh","2009-08-28T18:15:37Z","4808","76261","15293","908","Other","Shell"
"843222","scikit-learn","2010-08-17T09:43:38Z","94461","30503","15051","1708","Other","Python"
"1148753","spring-framework","2010-12-08T04:04:45Z","114859","23527","15020","173","null","Java"
"4710920","incubator-dubbo","2012-06-19T07:56:02Z","12024","21505","14860","258","Apache License 2.0","Java"
"7691631","moby","2013-01-18T18:10:57Z","138420","50323","14647","3369","Apache License 2.0","Go"
"6498492","javascript","2012-11-01T23:13:50Z","2797","75918","14526","132","MIT License","JavaScript"
"6093316","DefinitelyTyped","2012-10-05T16:39:45Z","353472","17392","14518","2414","Other","TypeScript"
"28457823","freeCodeCamp","2014-12-24T17:49:19Z","35704","294123","14513","343","BSD 3-Clause "New" or "Revised" License","JavaScript"
"20580498","kubernetes","2014-06-06T22:56:04Z","808895","41369","14369","3167","Apache License 2.0","Go"
"12820537","slate","2013-09-13T22:15:24Z","1082","24497","14321","34","Other","JavaScript"
"1863329","laravel","2011-06-08T03:06:08Z","9194","45651","14103","27","null","PHP"
"36502","git","2008-07-23T14:21:26Z","108739","24064","13991","159","Other","C"
"14098069","free-programming-books-zh_CN","2013-11-04T01:59:19Z","825","38600","13416","151","GNU General Public License v3.0","JavaScript"
"1844251","todomvc","2011-06-03T19:56:33Z","64285","24328","13133","153","Other","JavaScript"
"206084","legacy-homebrew","2009-05-20T19:38:37Z","1432774","28355","12888","0","Other","Ruby"
"3638964","ansible","2012-03-06T14:58:02Z","140807","32496","12783","5382","GNU General Public License v3.0","Python"
"33015583","keras","2015-03-28T00:35:42Z","11589","33470","12622","1846","Other","Python"
"22790488","java-design-patterns","2014-08-09T16:45:18Z","18392","39006","12614","183","MIT License","Java"
"9754983","tutorials","2013-04-29T18:26:36Z","109824","8102","12425","60","MIT License","Java"
"1861458","reveal.js","2011-06-07T18:54:22Z","8357","42342","12319","374","MIT License","JavaScript"
"21737465","awesome","2014-07-11T13:42:37Z","628","92405","12228","179","null","null"
"156018","redis","2009-03-21T22:32:25Z","74456","31520","12117","1874","BSD 3-Clause "New" or "Revised" License","C"
"1699826","game-of-life","2011-05-04T05:44:07Z","17998","1772","12082","150","null","HTML"
"15653276","android-open-project","2014-01-05T15:20:15Z","2144","27401","11967","11","Apache License 2.0","null"
"12256376","ionic","2013-08-20T23:06:02Z","88048","35307","11906","1279","Other","TypeScript"
"63537249","create-react-app","2016-07-17T14:55:11Z","5906","55366","11690","484","MIT License","JavaScript"
"507775","elasticsearch","2010-02-08T13:20:56Z","512450","34333","11648","1645","Other","Java"
"2561582","animate.css","2011-10-12T10:07:38Z","721","54160","11597","14","MIT License","CSS"
"27193779","node","2014-11-26T19:57:11Z","412855","53295","11344","874","Other","JavaScript"
"596892","flask","2010-04-06T11:11:59Z","6328","38731","11283","40","Other","Python"
"36535156","redux","2015-05-29T23:53:15Z","7045","43932","10928","40","Other","JavaScript"
"34526884","ant-design","2015-04-24T15:37:24Z","283941","33440","10837","286","MIT License","TypeScript"
"5447903","node-js-sample","2012-08-17T04:11:44Z","215","799","10699","2","null","JavaScript"
"21289110","awesome-python","2014-06-27T21:00:06Z","3734","55123","10656","372","Other","Python"
"121395510","CS-Notes","2018-02-13T14:56:24Z","56978","35676","10501","4","null","null"
"7600409","shadowsocks-windows","2013-01-14T07:54:16Z","9439","27255","10292","88","GNU General Public License v3.0","C#"
"30042287","fullstack-nanodegree-vm","2015-01-29T21:31:32Z","1228","228","10213","30","null","Python"
"24392063","create-your-own-adventure","2014-09-23T22:42:17Z","9556","366","9961","4289","null","GCC Machine Description"
"24195339","angular","2014-09-18T16:12:01Z","85918","40568","9953","2476","MIT License","TypeScript"
"3228505","atom","2012-01-20T18:18:21Z","302264","46298","9901","809","MIT License","JavaScript"
"486550","html5-boilerplate","2010-01-24T18:03:24Z","13759","41303","9808","10","MIT License","JavaScript"
"3470471","Font-Awesome","2012-02-17T14:19:43Z","71771","57480","9791","4626","Other","JavaScript"
"1828795","AFNetworking","2011-05-31T21:28:44Z","5532","31518","9659","310","MIT License","Objective-C"
"15428480","AdminLTE","2013-12-25T02:52:40Z","57823","24895","9564","297","MIT License","HTML"
"45986162","TensorFlow-Examples","2015-11-11T14:21:19Z","5712","24943","9371","139","Other","Jupyter Notebook"
"87980425","course-collaboration-travel-plans","2017-04-11T21:19:53Z","4","678","9139","4823","null","CSS"
"8843683","Chart.js","2013-03-17T23:56:36Z","10121","39295","9028","488","MIT License","JavaScript"
"19745004","odoo","2014-05-13T15:38:58Z","2175935","11063","8815","1720","Other","Python"
"85077558","developer-roadmap","2017-03-15T13:45:52Z","6570","56739","8757","140","null","null"
"21872392","awesome-machine-learning","2014-07-15T19:11:19Z","1602","35288","8661","0","Other","Python"
"21481439","hosts","2014-07-04T01:05:27Z","8892","17245","8657","3","MIT License","Rascal"
"9185792","incubator-echarts","2013-04-03T03:18:59Z","149670","30028","8645","2982","Apache License 2.0","JavaScript"
"28239455","Docs","2014-12-19T17:38:02Z","686170","3404","8637","588","Other","C#"
"1380117","lantern","2011-02-17T22:12:29Z","1151782","37481","8519","2537","Apache License 2.0","Go"
"98968412","imad-app","2017-08-01T06:39:44Z","17","15","8457","6","null","JavaScript"
"28428729","awesome-android-ui","2014-12-24T01:45:03Z","775829","31795","8438","15","null","null"
"11177928","Projects","2013-07-04T13:37:27Z","10204","24470","8404","45","MIT License","null"
"9384267","electron","2013-04-12T01:47:36Z","42547","64443","8378","1296","MIT License","C++"
"75867720","JavaScript30","2016-12-07T19:15:31Z","1241","8328","8333","11","null","HTML"
"51148780","android-architecture","2016-02-05T13:42:07Z","8199","29349","8274","121","Apache License 2.0","null"
"557980","socket.io","2010-03-11T18:24:48Z","12275","43538","8087","319","MIT License","JavaScript"
"23357588","protobuf","2014-08-26T15:52:15Z","49519","29036","8081","473","Other","C++"
"211666","node-v0.x-archive","2009-05-27T16:29:46Z","144238","35745","7909","571","null","null"
"2365549","Specs","2011-09-11T13:47:10Z","584248","4716","7886","4","null","null"
"1129010","jQuery-File-Upload","2010-12-01T15:35:32Z","3321","29169","7823","55","MIT License","JavaScript"
"65252","jekyll","2008-10-20T06:29:03Z","15100","35400","7784","157","MIT License","Ruby"
"2562751","zxing","2011-10-12T14:07:27Z","239588","19958","7675","13","Apache License 2.0","Java"
"41881900","vscode","2015-09-03T20:23:38Z","157244","59182","7646","4935","MIT License","TypeScript"
"3402537","Front-end-Developer-Interview-Questions","2012-02-09T23:34:10Z","1044","37030","7576","40","MIT License","null"
"23083156","material-ui","2014-08-18T19:11:54Z","48777","40283","7554","201","MIT License","JavaScript"
"77189043","vue2-elm","2016-12-23T01:49:20Z","29301","22134","7524","18","GNU General Public License v2.0","Vue"
"1195004","angular-seed","2010-12-24T06:07:50Z","14334","13285","7506","22","MIT License","JavaScript"
"2234102","CodeIgniter","2011-08-19T13:34:00Z","51387","16526","7505","76","MIT License","PHP"
"7190986","shadowsocks-android","2012-12-16T13:40:29Z","52412","17597","7504","12","Other","Kotlin"
"6094683","bootstrap","2012-10-05T18:27:01Z","9938","14672","7360","345","MIT License","JavaScript"
"1039520","youtube-dl","2010-10-31T14:35:07Z","53589","41596","7311","2390","The Unlicense","Python"
"2329766","dotfiles","2011-09-05T18:07:54Z","814","19903","7244","160","MIT License","Shell"
"24953448","material-design-icons","2014-10-08T18:01:28Z","47085","35994","7199","495","Apache License 2.0","CSS"
"5271882","build-web-application-with-golang","2012-08-02T11:49:35Z","48081","25030","7190","97","BSD 3-Clause "New" or "Revised" License","Go"
"2293158","metasploit-framework","2011-08-30T06:13:20Z","358024","13474","7163","585","Other","Ruby"
"44838949","swift","2015-10-23T21:15:07Z","337689","45173","7124","382","Apache License 2.0","C++"
"529502","scrapy","2010-02-22T02:01:14Z","16437","29129","7094","654","Other","Python"
"15452919","go-ethereum","2013-12-26T13:05:46Z","94536","20656","7071","895","GNU Lesser General Public License v3.0","Go"
"29290473","XX-Net","2015-01-15T09:35:51Z","38849","24676","7059","7210","null","Python"
"10267810","minimal-mistakes","2013-05-24T14:13:30Z","40500","4064","7057","14","Other","CSS"
"237159","express","2009-06-26T18:56:01Z","8663","40146","7032","177","MIT License","JavaScript"
"68720867","first-contributions","2016-09-20T14:35:09Z","32779","2884","7012","23","MIT License","JavaScript"
"20413356","dojo_rules","2014-06-02T17:42:50Z","78252","70","6910","11338","null","Ruby"
"7512484","ardupilot","2013-01-09T00:58:52Z","113709","3460","6889","1253","GNU General Public License v3.0","C++"
"2889328","WordPress","2011-12-01T07:05:17Z","187488","11383","6880","3","Other","PHP"
"1045381","phonegap-start","2010-11-02T17:45:54Z","8050","3464","6879","3","Other","JavaScript"
"1064563","netty","2010-11-09T09:22:21Z","52228","15652","6872","377","Apache License 2.0","Java"
"19872456","react-router","2014-05-16T22:22:51Z","9124","32458","6839","57","MIT License","JavaScript"
"3065454","impress.js","2011-12-28T22:23:19Z","4139","33958","6781","49","MIT License","JavaScript"
"81598961","cpython","2017-02-10T19:23:51Z","248766","19728","6764","874","Other","Python"
"128398636","architect-awesome","2018-04-06T13:30:58Z","391","24410","6725","24","null","null"
"3431193","yii2","2012-02-13T15:32:36Z","70261","12288","6622","1047","BSD 3-Clause "New" or "Revised" License","PHP"
"5152285","okhttp","2012-07-23T13:42:55Z","18036","28714","6597","174","Apache License 2.0","Java"
"1700621","normalize.css","2011-05-04T10:20:25Z","382","32347","6593","22","MIT License","CSS"
"12499251","checkstyle","2013-08-31T02:05:05Z","59303","3890","6584","472","Other","Java"
"1093228","cocos2d-x","2010-11-18T23:17:00Z","935405","12334","6572","1254","null","C++"
"64558143","AndroidUtilCode","2016-07-30T18:18:32Z","31919","19944","6563","13","Apache License 2.0","Java"
"2253830","PHPMailer","2011-08-23T07:57:17Z","4653","11733","6476","30","GNU Lesser General Public License v2.1","PHP"
"19148949","MPAndroidChart","2014-04-25T14:29:47Z","21025","24037","6467","1473","Apache License 2.0","Java"
"3623050","homebrew-cask","2012-03-05T02:05:17Z","124489","13532","6445","77","BSD 2-Clause "Simplified" License","Ruby"
"2862290","Android-Universal-Image-Loader","2011-11-27T18:48:23Z","25335","16274","6429","457","Apache License 2.0","Java"
"858127","pandas","2010-08-24T01:37:33Z","130426","15985","6424","2795","BSD 3-Clause "New" or "Revised" License","Python"
"458058","symfony","2010-01-04T14:21:21Z","124517","18550","6394","917","MIT License","PHP"
"23096959","go","2014-08-19T04:33:40Z","184443","46805","6391","3871","Other","Go"
"1362490","requests","2011-02-13T18:38:17Z","9754","34574","6372","128","Other","Python"
"83222441","system-design-primer","2017-02-26T16:15:28Z","4177","47548","6340","52","Other","Python"
"919161","Arduino","2010-09-17T19:10:36Z","1363359","8440","6335","991","Other","Java"
"2935735","brackets","2011-12-07T21:14:40Z","91023","29181","6326","2308","MIT License","JavaScript"
"3721224","swiper","2012-03-14T19:11:45Z","51446","17544","6238","79","MIT License","JavaScript"
"72604736","ud851-Exercises","2016-11-02T04:41:25Z","3989","1656","6223","223","Apache License 2.0","Java"
"18964487","es6tutorial","2014-04-20T13:06:28Z","4598","13875","6194","1","Other","JavaScript"
"121291758","Complete-Python-3-Bootcamp","2018-02-12T19:30:10Z","360","1732","6177","8","null","Jupyter Notebook"
"7569578","discourse","2013-01-12T00:25:55Z","234026","26049","6175","27","Other","Ruby"
"31791381","Windows-universal-samples","2015-03-06T22:13:13Z","45964","6104","6132","103","MIT License","JavaScript"
"89275457","js-from-dom-to-node-bootcamp-prep-000","2017-04-24T18:46:41Z","10","7","6111","6099","Other","JavaScript"
"7508411","RxJava","2013-01-08T20:11:48Z","67811","35355","6111","25","Apache License 2.0","Java"
"20300177","guava","2014-05-29T16:23:17Z","230946","26857","6094","768","Apache License 2.0","Java"
"12972263","fullPage.js","2013-09-20T11:58:29Z","13276","24600","6088","131","GNU General Public License v3.0","JavaScript"
"4844734","pydata-book","2012-06-30T18:39:12Z","41462","6583","6050","11","Other","Jupyter Notebook"
"15183485","The-Art-Of-Programming-By-July","2013-12-14T10:00:06Z","27451","14942","6016","63","null","C"
"32726377","react-demos","2015-03-23T10:50:07Z","1236","13391","6016","0","null","JavaScript"
"75770614","HelloCodeSchoolProject","2016-12-06T20:54:48Z","68","50","5997","149","MIT License","JavaScript"
"75830968","deeplearningbook-chinese","2016-12-07T11:46:51Z","7982","19840","5988","37","null","TeX"
"17562545","bytecoin","2014-03-09T10:47:36Z","20378","399","5982","155","null","null"
"67274736","element","2016-09-03T06:19:26Z","48611","30778","5975","495","MIT License","Vue"
"2200856","Marlin","2011-08-13T08:07:20Z","83791","4246","5965","826","GNU General Public License v3.0","C"
"16587283","xgboost","2014-02-06T17:28:03Z","9649","13427","5915","57","Apache License 2.0","C++"
"2055965","swagger-ui","2011-07-15T22:56:39Z","241684","12724","5897","247","Other","JavaScript"
"9852918","Ghost","2013-05-04T11:09:13Z","33073","27362","5885","142","MIT License","JavaScript"
"3311711","swot","2012-01-31T04:00:56Z","2810","826","5879","415","MIT License","Ruby"
"88464704","vue-element-admin","2017-04-17T03:35:49Z","14199","19274","5878","105","MIT License","Vue"
"17101828","swirl_courses","2014-02-23T04:48:04Z","48391","2685","5853","115","GNU General Public License v3.0","R"
"34407651","azure-quickstart-templates","2015-04-22T18:19:03Z","326554","4082","5843","492","MIT License","Shell"
"10788737","android_guides","2013-06-19T10:24:45Z","1090","23827","5830","123","MIT License","null"
"2573058","foundation-sites","2011-10-13T23:05:42Z","111207","27619","5823","377","MIT License","HTML"
"15648899","coursera-android","2014-01-05T09:55:31Z","16522","4305","5797","29","MIT License","Java"
"7548986","framework","2013-01-10T21:27:28Z","34915","13827","5770","298","MIT License","PHP"
"1424470","moment","2011-03-01T02:46:06Z","16989","38558","5768","311","MIT License","JavaScript"
"5298790","Firmware","2012-08-04T21:19:36Z","102466","1946","5766","616","BSD 3-Clause "New" or "Revised" License","C++"
"952189","backbone","2010-09-30T19:41:28Z","26612","27290","5742","80","MIT License","JavaScript"
"5373551","libgdx","2012-08-10T19:34:38Z","1004046","14351","5733","315","Other","Java"
"1663468","pdf.js","2011-04-26T06:32:03Z","81328","23387","5724","719","Apache License 2.0","JavaScript"
"69953445","zheng","2016-10-04T10:07:06Z","40992","11389","5685","25","MIT License","Java"
"892275","retrofit","2010-09-06T21:39:43Z","4773","29535","5665","60","Apache License 2.0","Java"
"46629305","hacker-scripts","2015-11-21T19:05:09Z","84","31939","5656","48","null","JavaScript"
"9393759","phaser","2013-04-12T12:27:51Z","278545","22560","5647","101","MIT License","JavaScript"
"667006","video.js","2010-05-14T18:45:10Z","118219","22475","5628","178","Other","JavaScript"
"18347476","iosched","2014-04-01T22:40:40Z","49936","17336","5615","15","Apache License 2.0","Kotlin"
"7680774","jeesite","2013-01-18T05:07:02Z","63141","6325","5572","195","Apache License 2.0","JavaScript"
"10446890","ijkplayer","2013-06-03T04:12:04Z","7987","20470","5561","2013","Other","C"
"1200050","phantomjs","2010-12-27T08:18:58Z","165237","25957","5560","1828","BSD 3-Clause "New" or "Revised" License","HTML"
"3678731","webpack","2012-03-10T10:08:14Z","17148","43930","5546","511","MIT License","JavaScript"
"20929025","TypeScript","2014-06-17T15:28:39Z","827510","38908","5542","2933","Apache License 2.0","TypeScript"
"34864402","incubator-mxnet","2015-04-30T16:21:15Z","42750","15185","5494","916","Apache License 2.0","C++"
"2500088","gitlabhq","2011-10-02T16:25:27Z","375825","21179","5487","30","MIT License","Ruby"
"4839957","SlidingMenu","2012-06-30T05:14:23Z","32085","11081","5478","308","Apache License 2.0","Java"
"23783375","ResumeSample","2014-09-08T08:08:13Z","25","14585","5462","7","null","null"
"31829770","angular-starter","2015-03-07T22:25:10Z","4306","10021","5446","68","MIT License","JavaScript"
"27737393","qmk_firmware","2014-12-08T22:02:05Z","99483","2950","5423","368","Other","C"
"2211243","kafka","2011-08-15T18:06:16Z","72954","9587","5413","496","Apache License 2.0","Java"
"35969061","styleguide","2015-05-20T19:18:59Z","1922","16498","5409","214","null","HTML"
"65885","platform_frameworks_base","2008-10-21T18:20:37Z","2903744","7925","5363","129","Other","Java"
"39176269","vuex","2015-07-16T04:21:26Z","13365","16812","5339","102","MIT License","JavaScript"
"4311796","markdown-here","2012-05-13T03:27:22Z","16162","31899","5335","211","MIT License","JavaScript"
"92865389","devtraining-needit-jakarta","2017-05-30T18:47:59Z","446","17","5319","0","null","null"
"28167802","weui","2014-12-18T04:09:54Z","6556","20030","5310","93","Other","CSS"
"349241","underscore","2009-10-25T18:31:06Z","4683","23653","5301","112","MIT License","JavaScript"
"3620194","select2","2012-03-04T18:43:12Z","9783","22796","5291","567","MIT License","JavaScript"
"313419","SDWebImage","2009-09-21T17:39:19Z","10453","20456","5268","21","MIT License","Objective-C"
"1864363","composer","2011-06-08T08:53:00Z","13061","16112","5264","319","MIT License","PHP"
"29268051","material-design-lite","2015-01-14T22:01:33Z","56807","30598","5258","337","Apache License 2.0","HTML"
"8205602","mybatis-3","2013-02-14T19:03:32Z","82266","8476","5247","162","Other","Java"
"32969220","Arduino","2015-03-27T05:22:06Z","47807","7919","5228","564","GNU Lesser General Public License v2.1","C"
"2884111","magento2","2011-11-30T15:30:13Z","480124","6082","5216","1243","Other","PHP"
"26689598","awesome-courses","2014-11-15T18:36:49Z","1152","25597","5211","34","null","null"
"23062124","mui","2014-08-18T07:14:41Z","8032","9871","5198","295","MIT License","JavaScript"
"724712","rust","2010-06-16T20:39:03Z","392684","30606","5168","4326","Other","Rust"
"108314132","devtraining-needit-kingston","2017-10-25T19:08:48Z","632","20","5167","1","null","null"
"44571718","awesome-vue","2015-10-20T00:16:14Z","3476","37399","5155","58","null","null"
"22458259","Alamofire","2014-07-31T05:56:19Z","6771","28945","5138","33","MIT License","Swift"
"72685026","azure-docs","2016-11-02T22:00:37Z","5718058","1255","5135","1687","Other","PowerShell"
"35658863","gentelella","2015-05-15T06:57:27Z","29183","15616","5134","59","MIT License","HTML"
"31690108","Sunshine-Version-2","2015-03-05T01:48:44Z","3040","3053","5123","259","Apache License 2.0","Java"
"2874001","Android-PullToRefresh","2011-11-29T09:59:56Z","4286","8742","5103","30","Apache License 2.0","Java"
"19581797","ThinkStats2","2014-05-08T17:09:56Z","146259","1677","5083","51","GNU General Public License v3.0","Jupyter Notebook"
"18666758","darknet","2014-04-11T07:59:16Z","6264","9451","5076","832","Other","C"
"2700159","druid","2011-11-03T05:12:51Z","53038","13009","5052","1039","Other","Java"
"23418517","hadoop","2014-08-28T07:00:08Z","445038","7903","5021","191","Apache License 2.0","Java"
"3482588","SecLists","2012-02-19T01:30:18Z","455574","14324","5018","3","MIT License","PHP"
"3214406","meteor","2012-01-19T01:58:17Z","76827","40257","5010","210","Other","JavaScript"
"3744545","bootstrap-datepicker","2012-03-17T01:11:40Z","4741","11108","5002","751","Apache License 2.0","JavaScript"
"1903522","php-src","2011-06-16T01:52:25Z","322096","19330","4984","165","Other","C"
"7607075","Probabilistic-Programming-and-Bayesian-Methods-for-Hackers","2013-01-14T15:46:28Z","100934","15791","4979","115","MIT License","Jupyter Notebook"
"2881789","Python","2011-11-30T09:04:08Z","1310","6804","4977","68","MIT License","Python"
"61682395","100-days-of-code","2016-06-22T02:25:16Z","196","2626","4916","79","null","null"
"4402713","shadowsocks-libev","2012-05-22T05:41:15Z","6364","363","4914","9","null","null"
"478996","jquery-ui","2010-01-19T14:40:34Z","26513","10534","4901","41","Other","JavaScript"
"52855516","homebrew-core","2016-03-01T06:58:36Z","204075","4259","4901","113","BSD 2-Clause "Simplified" License","Ruby"
"50612192","parse-server-example","2016-01-28T20:40:47Z","90","1605","4900","104","null","JavaScript"
"12888993","home-assistant","2013-09-17T07:29:48Z","88347","16682","4898","854","Apache License 2.0","Python"
"1452079","angular-phonecat","2011-03-07T21:42:29Z","105029","3032","4895","7","MIT License","JavaScript"
"51863547","handson-ml","2016-02-16T19:48:39Z","64063","9359","4895","17","Apache License 2.0","Jupyter Notebook"
"20429943","the-swift-programming-language-in-chinese","2014-06-03T04:44:09Z","25118","18130","4893","58","null","CSS"
"19415064","computer-science","2014-05-04T00:18:39Z","808","34418","4878","29","MIT License","null"
"115675788","wechat_jump_game","2017-12-29T02:00:19Z","26965","13871","4849","25","Apache License 2.0","Python"
"1614410","FFmpeg","2011-04-14T14:12:38Z","218078","12185","4842","2","Other","C"
"46890202","ReduxSimpleStarter","2015-11-25T22:08:19Z","61","3251","4839","148","MIT License","JavaScript"
"2105143","i2cdevlib","2011-07-26T04:58:39Z","1162","2090","4803","199","null","C++"
"7517918","spring-petclinic","2013-01-09T09:05:18Z","7142","2521","4787","12","null","Java"
"1103607","jenkins","2010-11-22T21:21:23Z","108848","11116","4779","103","MIT License","Java"
"17829481","data","2014-03-17T13:49:17Z","76419","11110","4732","14","Creative Commons Attribution 4.0","Jupyter Notebook"
"50450433","machine-learning","2016-01-26T18:41:03Z","36288","2294","4713","23","null","Jupyter Notebook"
"1217614","xbmc","2011-01-03T21:18:51Z","1466490","7379","4712","105","Other","C++"
"14370955","hackathon-starter","2013-11-13T17:24:12Z","11327","24572","4693","16","MIT License","CSS"
"301742","tornado","2009-09-09T04:55:16Z","8133","16470","4692","148","Apache License 2.0","Python"
"81975372","interviews","2017-02-14T18:19:25Z","19532","25966","4690","22","MIT License","Java"
"23943554","starter-web","2014-09-12T02:16:08Z","478","84","4664","200","null","ApacheConf"
"23974149","materialize","2014-09-12T19:35:38Z","162827","33926","4639","517","MIT License","JavaScript"
"69090828","maven-project","2016-09-24T08:41:22Z","13","67","4632","38","null","Java"
"21700699","awesome-ios","2014-07-10T16:03:45Z","7879","27463","4608","4","MIT License","Swift"
"9309093","Semantic-UI","2013-04-08T23:32:04Z","110849","42840","4600","722","MIT License","JavaScript"
"1481305","python-guide","2011-03-15T03:24:20Z","6531","15353","4597","72","Other","Batchfile"
"26898879","awesome-public-datasets","2014-11-20T06:20:50Z","585","27938","4592","79","MIT License","null"
"24812854","node-lessons","2014-10-05T09:57:08Z","2065","13579","4569","88","null","JavaScript"
"14098121","500lines","2013-11-04T02:02:53Z","60078","19639","4569","45","Other","JavaScript"
"22362099","angular-styleguide","2014-07-29T00:07:51Z","4140","24058","4557","74","MIT License","null"
"40905762","IntelliJ-IDEA-Tutorial","2015-08-17T15:25:52Z","150450","9117","4555","0","GNU General Public License v2.0","null"
"2179920","woocommerce","2011-08-09T15:12:11Z","149740","4712","4530","106","Other","PHP"
"18962767","Qix","2014-04-20T11:03:15Z","2009","11617","4529","0","Other","null"
"21540759","awesome-go","2014-07-06T13:42:15Z","4341","35086","4520","51","MIT License","Go"
"65388917","PythonDataScienceHandbook","2016-08-10T14:24:36Z","32392","11490","4493","64","Other","Jupyter Notebook"
"126577260","javascript-algorithms","2018-03-24T07:47:04Z","2261","36771","4480","31","MIT License","JavaScript"
"308770","devise","2009-09-16T12:15:12Z","5078","19083","4477","63","MIT License","Ruby"
"11267509","glide","2013-07-08T22:52:33Z","56791","23214","4470","134","Other","Java"
"12267843","learngit_old","2013-08-21T10:54:17Z","18892","711","4464","0","Other","HTML"
"65600975","pytorch","2016-08-13T05:26:41Z","74316","18623","4452","1740","Other","C++"
"24165498","ud120-projects","2014-09-17T23:01:39Z","19979","1049","4450","95","null","DIGITAL Command Language"
"53370988","lighthouse","2016-03-08T01:03:11Z","23768","14568","4435","369","Apache License 2.0","JavaScript"
"14734876","deeplearning4j","2013-11-27T02:03:28Z","592356","9597","4434","656","Apache License 2.0","Java"
"12104024","go","2013-08-14T08:33:55Z","1200","10016","4417","61","The Unlicense","null"
"36891867","angular-cli","2015-06-04T19:49:37Z","14968","19541","4405","1483","MIT License","TypeScript"
"11167738","gulp","2013-07-04T05:26:06Z","1078","30283","4399","22","MIT License","JavaScript"
"10309334","N-blog","2013-05-27T06:46:58Z","10721","12072","4395","2","null","JavaScript"
"59652928","ngx-admin","2016-05-25T10:09:03Z","22151","13111","4391","317","MIT License","TypeScript"
"57147349","quickstart-android","2016-04-26T17:13:27Z","10928","4390","4388","32","Apache License 2.0","Java"
"2700474","fastjson","2011-11-03T06:58:52Z","12100","14889","4381","757","Other","Java"
"23063531","weixin-java-tools","2014-08-18T08:11:26Z","1727","2164","4369","78","Apache License 2.0","Java"
"4484451","vimrc","2012-05-29T16:19:29Z","14049","14748","4349","68","MIT License","Vim script"
"42920477","layui","2015-09-22T08:12:03Z","5057","14883","4343","236","MIT License","JavaScript"
"60844036","ShadowsocksX-NG","2016-06-10T11:49:00Z","12325","14561","4340","257","GNU General Public License v3.0","Swift"
"1388245","android-async-http","2011-02-20T03:25:07Z","2488","10308","4336","241","null","Java"
"3431083","GPUImage","2012-02-13T15:20:02Z","44862","17928","4332","958","BSD 3-Clause "New" or "Revised" License","Objective-C"
"15585444","Hover","2014-01-02T14:27:35Z","962","19808","4327","21","Other","CSS"
"70431106","machine-learning-for-software-engineers","2016-10-09T21:20:25Z","527","19892","4314","7","Creative Commons Attribution Share Alike 4.0","null"
"6256729","fks","2012-10-17T05:55:16Z","1764","13103","4309","8","null","JavaScript"
"4644745","chrome-app-samples","2012-06-13T00:30:44Z","52036","6064","4305","40","Apache License 2.0","JavaScript"
"1092277","JSON-js","2010-11-18T17:39:50Z","54","7582","4297","6","null","JavaScript"
"2155793","ViewPagerIndicator","2011-08-04T17:13:44Z","8657","9902","4297","215","null","Java"
"26295345","corefx","2014-11-06T23:42:48Z","187374","14769","4297","2514","Other","C#"
"8575137","butterknife","2013-03-05T08:18:59Z","3778","22067","4296","87","Apache License 2.0","Java"
"1390248","salt","2011-02-20T20:16:56Z","416140","9206","4291","2668","Apache License 2.0","Python"
"18049133","slick","2014-03-24T02:10:05Z","3641","22432","4283","902","MIT License","JavaScript"
"12495928","bootstrap-datetimepicker","2013-08-30T21:27:54Z","3572","6360","4278","388","MIT License","JavaScript"
"15111821","grafana","2013-12-11T15:59:56Z","185969","23798","4265","1455","Apache License 2.0","TypeScript"
"7613257","selenium","2013-01-14T21:40:56Z","1628092","11829","4261","481","Apache License 2.0","Java"
"45456804","awesome-python-cn","2015-11-03T09:50:50Z","492","11654","4245","1","Other","Makefile"
"72604795","ud851-Sunshine","2016-11-02T04:42:26Z","1028","1668","4232","110","Apache License 2.0","Java"
"20849413","README","2014-06-15T06:16:24Z","156","2853","4221","4","The Unlicense","null"
"70905478","Deep-Learning-Papers-Reading-Roadmap","2016-10-14T11:49:48Z","3626","19149","4209","62","null","Python"
"35866694","Rocket.Chat","2015-05-19T07:36:09Z","78638","19832","4200","2154","MIT License","JavaScript"
"54346799","public-apis","2016-03-20T23:49:42Z","2263","42017","4200","3","null","Python"
"1631024","chosen","2011-04-18T15:07:41Z","3012","21796","4197","237","Other","HTML"
"500437","phonegap-plugins","2010-02-03T09:51:18Z","62019","1004","4190","78","null","Java"
"6007295","jieba","2012-09-29T07:52:01Z","44225","15136","4183","424","MIT License","Python"
"22887094","tesseract","2014-08-12T18:04:59Z","41527","21000","4177","298","Other","C++"
"3314","spree","2008-03-10T14:45:35Z","88877","9387","4174","105","Other","Ruby"
"13862381","Telegram","2013-10-25T14:08:10Z","155063","10533","4161","359","GNU General Public License v2.0","Java"
"10865436","frontend-dev-bookmarks","2013-06-22T13:23:55Z","1048","24785","4160","104","null","null"
"21648001","awesome-java","2014-07-09T10:12:43Z","1408","17935","4156","9","Other","null"
"1204412","TrinityCore","2010-12-28T23:40:07Z","716472","4684","4149","1451","GNU General Public License v2.0","C++"
"5070389","EventBus","2012-07-16T16:55:40Z","1553","19237","4143","95","Apache License 2.0","Java"
"67250492","imad-2016-app","2016-09-02T19:48:19Z","126","21","4137","19","null","JavaScript"
"5483330","you-get","2012-08-20T15:53:36Z","2920","20231","4122","306","Other","Python"
"1028340","ace","2010-10-27T10:43:36Z","37101","18173","4110","627","Other","JavaScript"
"17728164","terraform","2014-03-13T22:25:48Z","138480","13425","4093","1542","Mozilla Public License 2.0","Go"
"46806184","charts","2015-11-24T17:05:28Z","11837","4611","4079","613","Apache License 2.0","Smarty"
"21085016","FlappyBirdTemplate-Spritebuilder","2014-06-22T03:58:08Z","26166","27","4078","1","null","Objective-C"
"11225014","etcd","2013-07-06T21:57:21Z","45790","20267","4057","287","Apache License 2.0","Go"
"72103891","jstraining","2016-10-27T12:00:26Z","4085","14450","4054","0","null","null"
"48600412","webpack","2015-12-26T05:25:41Z","1231","8111","4050","133","MIT License","JavaScript"
"29749635","data-science-ipython-notebooks","2015-01-23T19:38:29Z","48903","13735","4047","5","Other","Python"
"50603846","parse-server","2016-01-28T18:29:14Z","7089","15530","4042","254","Other","JavaScript"
"1801829","ember.js","2011-05-25T23:39:40Z","68956","19986","4031","391","MIT License","JavaScript"
"46918116","CNTK","2015-11-26T09:52:06Z","706473","15097","4024","586","Other","C++"
"7212645","spacemacs","2012-12-17T21:34:03Z","40759","15903","4008","2119","null","Emacs Lisp"
"83844720","face_recognition","2017-03-03T21:52:39Z","103793","16797","4007","165","MIT License","Python"
"538746","ruby","2010-02-27T15:55:23Z","179349","14762","3986","163","Other","Ruby"
"55076063","Awesome-Hacking","2016-03-30T15:47:10Z","144","25799","3977","0","Creative Commons Zero v1.0 Universal","null"
"19216825","xamarin-forms-samples","2014-04-27T20:42:11Z","351689","2440","3973","24","Other","C#"
"66313024","javascript-logging-lab-bootcamp-prep-000","2016-08-22T22:33:48Z","11","16","3963","3722","Other","JavaScript"
"49016322","material2","2016-01-04T18:50:02Z","19249","15720","3960","1244","MIT License","TypeScript"
"924303","zepto","2010-09-20T07:57:57Z","8258","14009","3957","82","MIT License","HTML"
"18708860","github-cheat-sheet","2014-04-12T16:38:42Z","718","25900","3956","9","MIT License","null"
"1173522","prezto","2010-12-16T08:07:04Z","2061","9350","3942","150","MIT License","Shell"
"7833168","kibana","2013-01-26T04:00:59Z","454188","10068","3910","3408","Other","JavaScript"
"66313048","javascript-objects-bootcamp-prep-000","2016-08-22T22:34:00Z","32","6","3903","3960","Other","JavaScript"
"2006876","swagger-codegen","2011-07-06T14:26:48Z","74335","7679","3902","1805","Other","HTML"
"1451060","ActionBarSherlock","2011-03-07T17:28:54Z","21244","7301","3894","90","Apache License 2.0","Java"
"27729880","grpc","2014-12-08T18:58:53Z","192235","17104","3892","1058","Apache License 2.0","C++"
"10057936","picasso","2013-05-14T15:07:47Z","4175","15969","3889","161","Apache License 2.0","Java"
"39840932","googletest","2015-07-28T15:07:53Z","5069","9112","3880","288","BSD 3-Clause "New" or "Revised" License","C++"
"268027","jquery-cookie","2009-08-03T19:11:40Z","454","8557","3874","0","MIT License","JavaScript"
"14705691","awesome-php","2013-11-26T03:14:19Z","1064","19694","3868","138","Do What The F*ck You Want To Public License","null"
"4578002","python-patterns","2012-06-06T21:02:35Z","3456","17149","3867","6","null","Python"
"66573241","fabric","2016-08-25T16:05:27Z","75525","6733","3831","4","Apache License 2.0","Go"
"50390153","ud839_Miwok","2016-01-26T00:05:12Z","2325","472","3829","68","Other","Java"
"6671099","neural-networks-and-deep-learning","2012-11-13T13:38:24Z","20914","7473","3826","4","null","Python"
"122692377","hangzhou_house_knowledge","2018-02-24T01:54:18Z","169075","18025","3814","102","null","CSS"
"58783512","forum","2016-05-14T01:33:56Z","7","40","3811","0","null","null"
"68957920","awesome-wechat-weapp","2016-09-22T20:04:48Z","504","17713","3806","3","GNU General Public License v3.0","JavaScript"
"3100121","nw.js","2012-01-04T06:21:10Z","123398","34290","3781","693","Other","C++"
"31560300","beautiful-jekyll","2015-03-02T20:04:26Z","3708","1363","3779","25","MIT License","HTML"
"7634677","openssl","2013-01-15T22:34:48Z","156552","8183","3775","477","Other","C"
"45896779","tensorflow-zh","2015-11-10T07:59:30Z","44266","9495","3771","28","null","TeX"
"931135","Leaflet","2010-09-22T16:57:44Z","47580","22713","3761","365","Other","JavaScript"
"66801","publify","2008-10-23T14:45:23Z","32000","1729","3750","80","MIT License","Ruby"
"17372733","OpenAPI-Specification","2014-03-03T16:53:36Z","2102","11228","3745","399","Apache License 2.0","JavaScript"
"108110","mongo","2009-01-15T16:15:18Z","419456","14524","3732","34","Other","C++"
"88760614","automerge","2017-04-19T15:25:24Z","689","5756","3720","20","MIT License","JavaScript"
"14135470","storm","2013-11-05T08:00:14Z","176127","5296","3720","160","Apache License 2.0","Java"
"2349728","PocketHub","2011-09-08T16:52:50Z","11415","9303","3706","125","Apache License 2.0","Java"
"18840003","react-starter-kit","2014-04-16T13:08:18Z","3732","18246","3703","481","MIT License","JavaScript"
"1337658","Respond","2011-02-07T12:41:33Z","321","11389","3700","121","MIT License","JavaScript"
"1409811","cdnjs","2011-02-25T05:53:47Z","7069149","6635","3689","867","MIT License","null"
"30969188","react-boilerplate","2015-02-18T14:36:32Z","5576","19736","3688","35","MIT License","JavaScript"
"32578467","Charts","2015-03-20T10:49:12Z","153678","19189","3673","389","Apache License 2.0","Swift"
"39464018","incubator-superset","2015-07-21T18:55:34Z","92380","20659","3667","936","Apache License 2.0","JavaScript"
"53416555","learning-area","2016-03-08T14:01:49Z","80647","1149","3666","3","Creative Commons Zero v1.0 Universal","HTML"
"521583","symfony-docs","2010-02-17T08:43:51Z","48989","1480","3662","336","null","PHP"
"24366614","frontend-nanodegree-mobile-portfolio","2014-09-23T10:19:19Z","28146","236","3648","34","null","JavaScript"
"18442377","dotfiles","2014-04-04T14:54:29Z","98","3233","3643","0","null","Shell"
"658518","ipython","2010-05-10T04:46:06Z","71608","13002","3643","1052","Other","Python"
"3695744","cw-omnibus","2012-03-12T14:12:06Z","75133","4647","3641","1","Apache License 2.0","Java"
"22046023","flux","2014-07-20T23:33:08Z","1337","15568","3640","13","Other","JavaScript"
"1385122","matplotlib","2011-02-19T03:17:12Z","333861","7882","3626","1403","null","Python"
"23405758","leveldb","2014-08-27T21:17:52Z","1177","14890","3624","181","BSD 3-Clause "New" or "Revised" License","C++"
"35955666","the-art-of-command-line","2015-05-20T15:11:03Z","2509","36545","3622","101","null","null"
"2340549","playframework","2011-09-07T09:24:08Z","90132","10701","3615","406","Apache License 2.0","Scala"
"19871195","practice_assignment","2014-05-16T21:25:58Z","1677","310","3611","0","null","null"
"23088740","axios","2014-08-18T22:30:27Z","2789","48128","3609","395","MIT License","JavaScript"
"29691166","travis-broken-example","2015-01-22T17:38:48Z","865","37","3606","122","null","PHP"
"684382","bigbluebutton","2010-05-25T01:42:41Z","649443","2170","3605","556","null","Java"
"23652091","show-me-the-code","2014-09-04T07:02:34Z","26","6798","3599","0","null","null"
"31533997","fresco","2015-03-02T09:58:04Z","65291","14918","3599","71","MIT License","Java"
"18408635","Apollo-11","2014-04-03T15:45:02Z","2112","27828","3597","48","null","Assembly"
"1431547","django-rest-framework","2011-03-02T17:13:56Z","39372","11641","3593","143","Other","Python"
"619849","spf13-vim","2010-04-20T16:20:16Z","5905","12933","3586","348","Apache License 2.0","VimL"
"1254497","CodeMirror","2011-01-14T13:44:03Z","15999","15579","3584","272","MIT License","JavaScript"
"3577919","beego","2012-02-29T02:32:08Z","7399","16928","3582","566","Other","Go"
"69270407","AndroidTutorialForBeginners","2016-09-26T16:36:28Z","676","2173","3581","6","null","Java"
"4702560","PHPExcel","2012-06-18T15:30:27Z","21933","10426","3581","660","Other","PHP"
"3955647","lodash","2012-04-07T04:11:46Z","44288","34511","3581","3","Other","JavaScript"
"24366306","frontend-nanodegree-arcade-game","2014-09-23T10:08:40Z","2842","243","3562","16","null","JavaScript"
"93097839","guide","2017-06-01T20:42:56Z","63063","1763","3554","1474","BSD 3-Clause "New" or "Revised" License","JavaScript"
"21399598","material","2014-07-01T19:20:06Z","47188","16315","3553","611","MIT License","JavaScript"
"81057842","springboot-learning-example","2017-02-06T07:02:25Z","256","6369","3551","13","Apache License 2.0","Java"
"57235138","learn-chaincode","2016-04-27T18:06:49Z","521","547","3549","10","Apache License 2.0","Go"
"27382163","hexo-theme-next","2014-12-01T14:07:07Z","13300","12915","3541","75","MIT License","CSS"
"481872","vagrant","2010-01-21T08:34:27Z","21445","17231","3525","439","MIT License","Ruby"
"60711512","LearningNotes","2016-06-08T16:09:17Z","655","9880","3523","81","null","null"
"27442967","fastlane","2014-12-02T17:00:38Z","63643","23101","3513","259","MIT License","Ruby"
"3755875","skrollr","2012-03-18T15:41:35Z","1659","18072","3511","262","MIT License","HTML"
"841412","monodroid-samples","2010-08-16T16:08:19Z","343071","1745","3500","60","null","C#"
"18541997","goagent","2014-04-08T02:16:04Z","47451","25","3490","2","null","Python"
"31792824","flutter","2015-03-06T22:54:58Z","46642","37089","3490","3825","Other","Dart"
"70198875","lottie-android","2016-10-06T22:42:42Z","128325","22445","3488","34","Apache License 2.0","Java"
"3606624","ReactiveCocoa","2012-03-02T22:11:24Z","16990","19013","3487","42","Other","Swift"
"104826554","simple-java-maven-app","2017-09-26T02:35:06Z","13","38","3481","15","null","Java"
"2141186","opencart","2011-08-02T07:32:17Z","78076","4402","3480","290","GNU General Public License v3.0","PHP"
"10219106","mean","2013-05-22T12:15:47Z","7998","11304","3455","71","Other","JavaScript"
"527644","less.js","2010-02-20T17:25:38Z","11893","15720","3455","120","Apache License 2.0","JavaScript"
"31702454","quickstart","2015-03-05T07:59:59Z","1394","3210","3450","24","MIT License","JavaScript"
"20818126","ExoPlayer","2014-06-13T21:19:18Z","77789","11085","3443","276","Apache License 2.0","Java"
"20106153","MJRefresh","2014-05-23T16:22:32Z","13884","12201","3440","632","MIT License","Objective-C"
"215047","MBProgressHUD","2009-05-31T21:45:41Z","1194","14779","3432","48","MIT License","Objective-C"
"25714588","startbootstrap-sb-admin-2","2014-10-25T00:36:48Z","5341","5646","3430","59","MIT License","HTML"
"2336578","bootstrap-sass","2011-09-06T18:58:49Z","3145","12685","3427","0","MIT License","Ruby"
"1843047","spring-mvc-showcase","2011-06-03T15:36:55Z","665","4064","3425","15","null","Java"
"5084750","PhotoView","2012-07-17T16:39:00Z","16771","13888","3421","92","Apache License 2.0","Java"
"15634981","godot","2014-01-04T16:05:36Z","262620","16583","3409","4016","Other","C++"
"2246815","DesignPatternsPHP","2011-08-22T05:24:31Z","4050","15831","3394","0","MIT License","PHP"
"20822291","SwiftGuide","2014-06-14T01:17:57Z","13583","13430","3388","8","null","Swift"
"2278524","hubot","2011-08-27T08:30:59Z","1987","14383","3387","47","MIT License","JavaScript"
"57222302","gym","2016-04-27T14:59:16Z","3526","13568","3381","441","Other","Python"
"439861","moodle","2009-12-16T23:01:23Z","477437","2223","3378","1","GNU General Public License v3.0","PHP"
"16246448","shiro-example","2014-01-26T04:19:18Z","2302","3328","3367","29","null","HTML"
"8855769","ansible-examples","2013-03-18T14:15:50Z","16654","6408","3366","59","null","Shell"
"1136075","iscroll","2010-12-03T19:03:44Z","1586","11378","3363","573","MIT License","JavaScript"
"12246785","bootstrap-table","2013-08-20T15:34:15Z","5984","8323","3352","563","MIT License","JavaScript"
"7693799","ui-router","2013-01-18T20:26:29Z","12100","13911","3349","356","MIT License","TypeScript"
"11180687","hugo","2013-07-04T15:26:26Z","60289","28752","3349","302","Apache License 2.0","Go"
"656494","cakephp","2010-05-08T14:38:22Z","80875","7631","3345","231","MIT License","PHP"
"72907253","spring-boot-examples","2016-11-05T05:32:33Z","904","5713","3332","14","null","Java"
"2158534","package_control_channel","2011-08-05T03:56:41Z","15026","1099","3328","52","null","Python"
"40380094","python-machine-learning-book","2015-08-07T20:39:29Z","158091","8932","3328","3","MIT License","Jupyter Notebook"
"32553922","android-tech-frontier","2015-03-20T00:36:37Z","41291","9626","3323","31","Apache License 2.0","null"
"43482568","awesome-java-cn","2015-10-01T06:53:06Z","245","8667","3312","1","null","null"
"7530570","appium","2013-01-09T22:49:50Z","63580","7842","3305","172","Apache License 2.0","JavaScript"
"9354478","YYKit","2013-04-10T19:47:33Z","56960","12452","3302","208","MIT License","Objective-C"
"1381283","solarized","2011-02-18T05:18:27Z","34558","12899","3296","218","MIT License","Vim script"
"80162876","devtraining-needit-istanbul","2017-01-26T22:42:31Z","380","16","3292","1","null","null"
"23069399","bootstrap-material-design","2014-08-18T11:54:00Z","42931","19509","3288","39","Other","CSS"
"72945141","stanford-tensorflow-tutorials","2016-11-05T18:21:51Z","16231","7113","3286","81","MIT License","Python"
"63488276","PokemonGo-Map","2016-07-16T15:06:33Z","2","7918","3270","848","null","null"
"160999","zookeeper","2009-03-27T15:41:56Z","108697","5058","3265","153","Apache License 2.0","Java"
"355893","markup","2009-10-31T01:02:46Z","491","4378","3264","64","MIT License","Ruby"
"5923215","hexo","2012-09-23T15:17:08Z","5862","23515","3256","212","MIT License","JavaScript"
"8297888","typeahead.js","2013-02-19T19:45:01Z","6152","15377","3254","480","MIT License","JavaScript"
"15193430","codecombat","2013-12-14T21:47:37Z","227507","6422","3247","358","Other","CoffeeScript"
"12544093","Android","2013-09-02T16:12:28Z","1836","2575","3229","32","null","Java"
"114523184","JCSprout","2017-12-17T09:06:50Z","695","13313","3223","10","MIT License","Java"
"33706598","react-native-guide","2015-04-10T03:34:17Z","125","13140","3222","0","null","null"
"9623064","webmagic","2013-04-23T12:57:36Z","17054","7044","3214","246","Apache License 2.0","Java"
"38866666","shadowsocks-rss","2015-07-10T07:14:38Z","447","8","3210","0","null","null"
"2371106","ruby-style-guide","2011-09-12T13:03:05Z","926","14323","3207","117","null","null"
"105919803","Detectron","2017-10-05T17:32:00Z","4258","16196","3206","151","Apache License 2.0","Python"
"21737266","awesome-nodejs","2014-07-11T13:35:34Z","1315","25922","3206","36","null","null"
"31929346","android-UniversalMusicPlayer","2015-03-10T00:04:35Z","8178","10227","3198","15","Apache License 2.0","Kotlin"
"7338354","shadowsocks-iOS","2012-12-27T09:23:49Z","13127","6842","3198","152","null","Objective-C"
"34824499","leakcanary","2015-04-29T23:54:16Z","25093","20598","3195","32","Apache License 2.0","Java"
"3422939","dropzone","2012-02-12T16:19:18Z","4209","13972","3194","854","Other","JavaScript"
"99433554","hosts","2017-08-05T16:10:32Z","4380","7567","3192","12","Other","Rascal"
"55886798","BaseRecyclerViewAdapterHelper","2016-04-10T07:40:11Z","63985","14919","3190","94","null","Java"
"13220460","ionic-site","2013-09-30T16:22:20Z","1254169","361","3177","171","Apache License 2.0","JavaScript"
"90796663","puppeteer","2017-05-09T22:16:13Z","4386","38101","3174","227","Apache License 2.0","JavaScript"
"51478266","website","2016-02-10T22:46:48Z","157809","727","3171","450","Creative Commons Attribution 4.0","HTML"
"321278","npm","2009-09-29T17:21:24Z","47202","16993","3171","2167","null","null"
"53238813","brew","2016-03-06T05:08:38Z","25665","13981","3170","21","BSD 2-Clause "Simplified" License","Ruby"
"18511024","web-starter-kit","2014-04-07T08:45:18Z","10187","18389","3157","65","Apache License 2.0","HTML"
"3077368","facebook-php-sdk","2011-12-30T23:47:27Z","1422","3417","3156","1","null","PHP"
"33884891","incubator-airflow","2015-04-13T18:04:58Z","23820","9351","3155","338","Apache License 2.0","Python"
"31522041","vnpy","2015-03-02T03:36:58Z","80633","6480","3154","27","MIT License","C++"
"8989842","the-way-to-go_ZH_CN","2013-03-24T17:18:38Z","11169","9737","3148","11","null","Go"
"14540032","apache-shiro-tutorial-webapp","2013-11-19T22:33:41Z","58","181","3142","10","Apache License 2.0","Java"
"22670857","awesome-react","2014-08-06T05:31:44Z","2181","27616","3134","64","null","null"
"78865098","deep-learning","2017-01-13T16:27:59Z","49132","2524","3129","87","MIT License","Jupyter Notebook"
"16752620","gogs","2014-02-12T01:57:08Z","147801","26977","3126","650","MIT License","Go"
"43175432","py-faster-rcnn","2015-09-25T21:04:08Z","1393","4792","3118","601","Other","Python"
"41337249","website","2015-08-25T02:03:37Z","55466","2701","3117","69","null","JavaScript"
"46342224","skill-map","2015-11-17T11:17:38Z","33939","12050","3111","70","null","HTML"
"23689830","docker_practice","2014-09-05T04:06:39Z","12747","9499","3108","0","null","Python"
"51728141","vux","2016-02-15T03:23:27Z","31473","13994","3107","390","MIT License","Vue"
"22442668","origin","2014-07-30T20:04:05Z","975623","5095","3097","587","Apache License 2.0","Go"
"49935814","ItChat","2016-01-19T07:49:48Z","953","12594","3082","90","Other","Python"
"11570469","Masonry","2013-07-22T01:15:48Z","767","16751","3080","99","MIT License","Objective-C"
"101296881","every-programmer-should-know","2017-08-24T13:18:26Z","117","34857","3079","26","Creative Commons Attribution 4.0","null"
"27568975","TimLiu-iOS","2014-12-05T01:42:06Z","3001","8590","3076","1","GNU General Public License v3.0","null"
"107595270","Mask_RCNN","2017-10-19T20:28:34Z","109893","7571","3072","522","Other","Python"
"3523632","springside4","2012-02-23T08:39:03Z","4837","5422","3072","72","Apache License 2.0","Java"
"14807173","How-to-Make-a-Computer-Operating-System","2013-11-29T17:36:32Z","5986","17423","3070","71","Apache License 2.0","C"
"30160120","hubpress.io","2015-02-01T21:16:06Z","52629","2814","3063","83","MIT License","CSS"
"22374063","android-best-practices","2014-07-29T09:09:44Z","596","16926","3049","24","Other","null"
"3447593","nodeclub","2012-02-15T07:41:26Z","9345","7734","3048","156","MIT License","JavaScript"
"6766558","Hystrix","2012-11-19T20:14:46Z","9602","14893","3027","268","Apache License 2.0","Java"
"7741856","pixi.js","2013-01-21T22:40:50Z","68538","20114","3025","297","MIT License","JavaScript"
"60325062","awesome-deep-learning-papers","2016-06-03T06:48:30Z","143","16189","3023","23","null","TeX"
"3374332","bootswatch","2012-02-07T04:31:56Z","45400","10575","3021","8","MIT License","JavaScript"
"29887499","open-source-ios-apps","2015-01-26T23:32:34Z","6008","18210","3015","3","MIT License","Swift"
"11704709","xUtils","2013-07-27T12:37:01Z","34986","5009","3014","200","null","Java"
"4542716","nixpkgs","2012-06-04T02:49:46Z","851878","2801","3009","3228","Other","Nix"
"2781154","mobile-samples","2011-11-15T15:48:05Z","186886","1288","3008","0","Other","C#"
"317757","Modernizr","2009-09-25T20:13:23Z","36105","22959","3004","180","Other","JavaScript"
"1056938","javascript-koans","2010-11-06T14:50:55Z","3097","1976","3003","57","MIT License","JavaScript"
"611562","dotfiles","2010-04-15T09:09:54Z","529","5120","3002","20","MIT License","Shell"
"15116946","vue-router","2013-12-11T19:37:46Z","7658","11216","2999","137","MIT License","JavaScript"
"24560307","babel","2014-09-28T13:38:23Z","36155","29590","2997","712","MIT License","JavaScript"
"7560589","WeiXinMPSDK","2013-01-11T13:52:44Z","145025","4000","2994","71","Apache License 2.0","C#"
"17066884","pyspider","2014-02-21T19:18:47Z","3959","11951","2991","203","Apache License 2.0","Python"
"4930931","php-the-right-way","2012-07-06T20:49:45Z","1513","6886","2988","25","Other","CSS"
"96246170","apollo","2017-07-04T19:03:31Z","449130","10970","2987","253","Apache License 2.0","C++"
"12044132","bitcoinbook","2013-08-11T23:18:28Z","44001","10554","2986","88","Other","Python"
"908607","numpy","2010-09-13T23:02:39Z","60360","8134","2982","1965","Other","C"
"15204860","papers-we-love","2013-12-15T14:31:41Z","204707","31491","2982","11","null","null"
"791611","mono","2010-07-22T18:06:36Z","494899","6947","2970","882","Other","C#"
"14747598","json-server","2013-11-27T13:21:13Z","1227","34760","2963","353","MIT License","JavaScript"
"93152223","SmartRefreshLayout","2017-06-02T09:52:50Z","247907","14272","2962","28","Apache License 2.0","Java"
"70107786","next.js","2016-10-05T23:32:51Z","7714","28957","2949","265","MIT License","JavaScript"
"50447720","swift-algorithm-club","2016-01-26T17:56:12Z","13428","18218","2945","49","MIT License","Swift"
"702550","zendframework","2010-06-04T02:42:05Z","98635","5655","2944","25","Other","null"
"22300924","PnP","2014-07-27T02:08:15Z","216765","1475","2942","60","Other","C#"
"5793738","Activiti","2012-09-13T11:34:43Z","93498","3970","2942","182","Apache License 2.0","Java"
"5604798","selectize.js","2012-08-29T18:31:57Z","2589","11261","2940","648","Apache License 2.0","JavaScript"
"23112526","Android-CleanArchitecture","2014-08-19T14:09:26Z","5182","12415","2933","136","Apache License 2.0","Java"
"1349775","gensim","2011-02-10T07:43:04Z","62920","7726","2933","200","GNU Lesser General Public License v2.1","Python"
"206317","camel","2009-05-21T00:25:36Z","217378","2098","2932","7","Apache License 2.0","Java"
"2108481","spring-security-oauth","2011-07-26T18:08:49Z","5964","2975","2928","586","Apache License 2.0","Java"
"3428345","fastclick","2012-02-13T08:38:00Z","316","16786","2919","279","MIT License","HTML"
"38377423","deepdream","2015-07-01T15:00:58Z","1416","11505","2913","7","Other","null"
"25485071","frontend-nanodegree-styleguide","2014-10-20T20:25:11Z","609","158","2911","6","null","HTML"
"1272129","dropwizard","2011-01-19T19:52:29Z","73462","6814","2911","103","Apache License 2.0","Java"
"1644196","julia","2011-04-21T07:01:50Z","455447","17289","2911","2761","Other","Julia"
"28723659","awesome-deep-learning","2015-01-02T19:28:35Z","247","9811","2903","15","null","null"
"341626","octopress","2009-10-18T21:41:32Z","170801","9538","2901","270","null","Ruby"
"20965586","SwiftyJSON","2014-06-18T14:41:15Z","1028","17426","2899","74","MIT License","Swift"
"611921","activeadmin","2010-04-15T14:26:03Z","7686","8150","2897","226","MIT License","Ruby"
"6763587","PrestaShop","2012-11-19T16:41:31Z","364080","3170","2894","995","Other","PHP"
"16677706","awesome-sysadmin","2014-02-09T22:39:20Z","592","17607","2892","218","Other","null"
"911765","diaspora","2010-09-15T05:20:04Z","104780","11953","2886","420","Other","Ruby"
"6486840","shadowsocks-go","2012-11-01T08:43:38Z","388","4834","2885","26","Apache License 2.0","Go"
"9705586","PagerSlidingTabStrip","2013-04-26T22:36:42Z","28964","6600","2884","227","null","Java"
"18275356","pop","2014-03-30T22:29:12Z","642","19250","2881","51","Other","Objective-C++"
"5254557","skynet","2012-08-01T03:30:42Z","3337","7033","2876","127","MIT License","C"
"64355429","iview","2016-07-28T01:52:59Z","19817","17415","2876","676","Other","Vue"
"107111421","Front-End-Checklist","2017-10-16T10:12:36Z","2687","30845","2875","12","Creative Commons Zero v1.0 Universal","JavaScript"
"20587599","flink","2014-06-07T07:00:10Z","164463","4386","2871","398","Apache License 2.0","Java"
"91829561","KotlinUdemy","2017-05-19T17:24:22Z","1925","513","2866","7","null","Kotlin"
"23338716","react-select","2014-08-26T04:27:45Z","13001","13614","2866","1009","MIT License","JavaScript"
"21935031","awesome-cpp","2014-07-17T08:51:11Z","1298","15313","2863","161","Other","null"
"1365679","tomorrow-theme","2011-02-14T15:43:03Z","4772","11877","2862","112","Other","CSS"
"80149262","react-navigation","2017-01-26T19:51:40Z","11513","13290","2862","122","Other","JavaScript"
"63484632","fastText","2016-07-16T13:38:42Z","7806","15604","2861","172","Other","HTML"
"184460","celery","2009-04-24T11:31:24Z","46559","10474","2858","381","Other","Python"
"12013012","startbootstrap","2013-08-10T00:05:36Z","82859","6627","2857","1","Other","HTML"
"32716195","ife","2015-03-23T07:04:35Z","326961","3777","2856","670","null","JavaScript"
"81080671","lectures","2017-02-06T11:32:46Z","48981","12577","2855","10","null","null"
"130013","akka","2009-02-16T12:51:54Z","213606","8984","2851","770","Other","Scala"
"36040894","gatsby","2015-05-21T22:43:05Z","422033","25497","2850","661","MIT License","JavaScript"
"8257106","JSQMessagesViewController","2013-02-17T21:40:44Z","20414","11144","2846","2","Other","Objective-C"
"35655353","learn-python3","2015-05-15T05:29:05Z","96","2659","2843","10","GNU General Public License v2.0","Python"
"715605","jedis","2010-06-11T13:04:43Z","7651","7069","2842","150","MIT License","Java"
"21600440","awesome-awesomeness","2014-07-08T05:44:19Z","201","22145","2842","5","null","Ruby"
"1305114","sage","2011-01-29T03:12:09Z","5346","9570","2841","17","MIT License","PHP"
"26568234","android-Ultra-Pull-To-Refresh","2014-11-13T03:13:10Z","3474","9295","2836","172","MIT License","Java"
"7544081","Magnific-Popup","2013-01-10T16:09:24Z","1873","10409","2832","603","MIT License","JavaScript"
"12756992","opencv_contrib","2013-09-11T13:28:04Z","126656","3206","2821","231","Other","C++"
"69828680","Mirai-Source-Code","2016-10-02T23:43:47Z","169","5330","2817","0","GNU General Public License v3.0","C"
"27519800","Mycat-Server","2014-12-04T02:46:54Z","17386","4895","2812","471","GNU General Public License v2.0","Java"
"32538871","gson","2015-03-19T18:21:20Z","10591","13596","2808","365","Apache License 2.0","Java"
"53127403","apollo","2016-03-04T10:24:23Z","43289","7718","2805","140","Apache License 2.0","Java"
"1685764","Skeleton","2011-04-30T20:04:24Z","6398","15992","2802","126","MIT License","CSS"
"75674467","course-git-blog-project","2016-12-05T23:09:49Z","2092","65","2798","14","null","HTML"
"7804910","docs","2013-01-24T19:11:00Z","117344","1055","2797","102","null","HTML"
"17107479","framework7","2014-02-23T12:15:53Z","40100","13016","2793","97","MIT License","CSS"
"33428461","interview_python","2015-04-05T02:59:59Z","180","6443","2792","19","null","Shell"
"15412237","flasky","2013-12-24T05:38:12Z","188","4725","2790","34","MIT License","Python"
"6106472","Surviving-with-android","2012-10-06T20:24:28Z","45951","1204","2784","12","null","Java"
"45512989","gold-miner","2015-11-04T03:29:13Z","36249","16261","2784","27","null","null"
"455600","hhvm","2010-01-02T01:17:06Z","313215","15529","2783","829","Other","C++"
"23736449","particles.js","2014-09-06T14:29:47Z","158","16738","2781","235","MIT License","JavaScript"
"612230","nvm","2010-04-15T17:47:47Z","2281","29529","2780","254","MIT License","Shell"
"659341","facebook-android-sdk","2010-05-10T17:17:33Z","25916","4609","2776","0","Other","Java"
"3432266","kotlin","2012-02-13T17:29:58Z","497241","24148","2776","116","null","Kotlin"
"63476337","Python","2016-07-16T09:44:01Z","1767","7160","2774","23","MIT License","Python"
"62607227","tech-interview-handbook","2016-07-05T05:00:48Z","293","22931","2774","5","MIT License","JavaScript"
"4710876","android-common","2012-06-19T07:49:46Z","1400","4786","2770","17","null","Java"
"20799673","android-training-course-in-chinese","2014-06-13T09:46:16Z","96483","9820","2765","9","Apache License 2.0","JavaScript"
"4524181","folly","2012-06-01T20:49:04Z","19855","11318","2764","132","Apache License 2.0","C++"
"2464908","joomla-cms","2011-09-27T02:07:38Z","243650","2895","2756","756","GNU General Public License v2.0","PHP"
"25449064","leetcode","2014-10-20T03:22:04Z","2216","7875","2756","34","null","C++"
"760732","fmdb","2010-07-06T22:50:17Z","1244","12673","2754","239","Other","Objective-C"
"28904322","tushare","2015-01-07T07:51:14Z","7526","6268","2750","131","BSD 3-Clause "New" or "Revised" License","Python"
"32512065","TeamTalk","2015-03-19T09:25:45Z","84189","5382","2747","132","Apache License 2.0","Objective-C"
"7832932","My-blog","2013-01-26T03:29:36Z","998","8983","2745","31","null","null"
"22043847","interview","2014-07-20T21:27:31Z","1200","5453","2738","84","Apache License 2.0","Java"
"5349565","presto","2012-08-09T01:03:37Z","97831","8053","2733","1378","Apache License 2.0","Java"
"34302698","serverless","2015-04-21T03:48:40Z","79624","25506","2733","666","MIT License","JavaScript"
"3327382","_s","2012-02-01T17:59:49Z","979","8629","2727","55","GNU General Public License v2.0","CSS"
"61204818","opensource.guide","2016-06-15T12:03:11Z","8581","4631","2719","5","Creative Commons Attribution 4.0","JavaScript"
"66424871","examples","2016-08-24T03:12:48Z","39740","5953","2716","114","BSD 3-Clause "New" or "Revised" License","Python"
"26554","reddit","2008-06-18T23:30:53Z","40093","14656","2715","303","Other","Python"
"6988020","js-xlsx","2012-12-03T19:25:52Z","43501","12157","2711","142","Apache License 2.0","JavaScript"
"4793392","sqlmap","2012-06-26T09:52:15Z","62391","12241","2710","52","Other","Python"
"1053270","fig-standards","2010-11-05T04:44:12Z","2702","10479","2710","22","Other","null"
"48378947","frp","2015-12-21T15:24:59Z","11406","15213","2709","32","Apache License 2.0","Go"
"10238429","webshell","2013-05-23T07:37:56Z","27813","3487","2702","1","GNU General Public License v3.0","PHP"
"5199579","vim-deprecated","2012-07-27T02:03:42Z","4130","3614","2699","94","null","Vim script"
"2990192","Signal-Android","2011-12-15T20:01:12Z","142397","10276","2698","238","GNU General Public License v3.0","Java"
"106310","junit4","2009-01-13T03:41:26Z","22667","7051","2697","115","Eclipse Public License 1.0","Java"
"10744183","netdata","2013-06-17T18:39:10Z","24590","31782","2693","541","GNU General Public License v3.0","C"
"24976755","HanLP","2014-10-09T06:36:16Z","51653","8786","2690","391","Apache License 2.0","Java"
"5550567","android","2012-08-25T10:35:56Z","201819","2599","2689","369","GNU General Public License v2.0","Java"
"981065","email-blueprints","2010-10-12T12:28:30Z","2914","6390","2687","31","null","null"
"76752632","courses","2016-12-17T23:16:41Z","22887","4537","2687","67","Apache License 2.0","Jupyter Notebook"
"35890081","docs","2015-05-19T15:13:32Z","538328","1300","2685","1015","Other","PowerShell"
"10969551","cmssw","2013-06-26T14:09:07Z","1035554","575","2684","445","null","C++"
"52281283","mastodon","2016-02-22T15:01:25Z","63245","15129","2684","1082","GNU Affero General Public License v3.0","Ruby"
"23095954","RxAndroid","2014-08-19T03:46:38Z","834","16740","2682","2","Apache License 2.0","Java"
"5476048","daterangepicker","2012-08-20T01:53:06Z","2019","8167","2681","62","null","JavaScript"
"4578898","habitica","2012-06-06T22:49:48Z","955832","6181","2675","253","Other","JavaScript"
"7546847","docs","2013-01-10T19:08:45Z","8024","1376","2673","27","MIT License","null"
"1205958","seajs","2010-12-29T15:02:37Z","47750","7516","2668","147","MIT License","JavaScript"
"37912398","nginx","2015-06-23T10:26:27Z","57677","6765","2668","0","null","C"
"3148979","spring-security","2012-01-10T21:50:57Z","32236","2780","2663","878","Apache License 2.0","Java"
"129860458","ivideo","2018-04-17T06:59:08Z","6751","9433","2663","42","MIT License","JavaScript"
"65772720","docker.github.io","2016-08-15T23:50:51Z","534513","1256","2662","628","Apache License 2.0","JavaScript"
"70104825","eShopOnContainers","2016-10-05T22:35:23Z","394382","7033","2662","94","MIT License","C#"
"2056312","html2canvas","2011-07-16T01:05:58Z","9041","13509","2662","330","MIT License","JavaScript"
"2626751","greenDAO","2011-10-22T16:15:14Z","7159","10500","2660","151","null","Java"
"87335980","eos","2017-04-05T17:09:53Z","111123","9306","2660","636","MIT License","C++"
"15062869","jest","2013-12-10T00:18:04Z","108145","20326","2650","481","Other","JavaScript"
"402046","jsPDF","2009-12-06T14:56:32Z","57981","11941","2647","70","MIT License","JavaScript"
"63477660","Java","2016-07-16T10:21:02Z","788","6640","2647","15","null","Java"
"17535332","book","2014-03-08T04:47:43Z","48655","8238","2645","24","null","null"
"22931603","DataScienceSpecialization.github.io","2014-08-13T21:17:36Z","570","1382","2641","9","null","CSS"
"15505458","WOW","2013-12-29T07:53:44Z","1045","8477","2639","151","null","JavaScript"
"12166778","google-api-php-client","2013-08-16T19:48:39Z","7204","5442","2638","36","Apache License 2.0","PHP"
"59010815","mint-ui","2016-05-17T09:54:10Z","3064","12254","2637","223","MIT License","Vue"
"6683352","WebRTC-Experiment","2012-11-14T05:53:13Z","22566","6255","2631","441","MIT License","JavaScript"
"38355112","hw-ruby-intro","2015-07-01T06:57:24Z","40","57","2629","1","null","Ruby"
"2310495","ceph","2011-09-01T21:41:26Z","309083","5053","2622","742","Other","C++"
"310611","thrift","2009-09-18T08:00:17Z","22714","5271","2619","26","Apache License 2.0","C++"
"102973646","fastai","2017-09-09T17:43:36Z","210995","7216","2618","10","Apache License 2.0","Jupyter Notebook"
"66483240","reinforcement-learning","2016-08-24T17:02:41Z","5438","7723","2615","71","MIT License","Jupyter Notebook"
"1554093","iTerm2-Color-Schemes","2011-04-01T04:01:46Z","64797","9532","2613","11","null","Python"
"1012503","MWPhotoBrowser","2010-10-21T15:40:47Z","21737","8351","2612","329","MIT License","Objective-C"
"321360","android","2009-09-29T18:41:28Z","148","41","2611","1","null","null"
"2826918","CocoaAsyncSocket","2011-11-22T10:25:54Z","2132","10433","2610","330","Other","Objective-C"
"18280236","gitbook","2014-03-31T03:01:56Z","8620","19159","2610","954","Apache License 2.0","JavaScript"
"75776232","HTMLPortfolioProject","2016-12-06T22:13:35Z","761","24","2608","51","MIT License","JavaScript"
"790359","sequelize","2010-07-22T07:11:11Z","23005","15826","2608","345","MIT License","JavaScript"
"108252892","proxyee-down","2017-10-25T10:07:27Z","8272","14714","2607","35","Apache License 2.0","Java"
"63705426","javascript-logging-lab-js-intro-000","2016-07-19T15:19:35Z","14","5","2602","2427","Other","JavaScript"
"32948863","awesome-react-native","2015-03-26T19:58:06Z","2601","21243","2601","48","null","Ruby"
"907410","jquery-mobile","2010-09-13T15:02:22Z","133531","10017","2599","158","Other","JavaScript"
"1613345","Dapper","2011-04-14T08:42:59Z","48960","9398","2599","317","Other","C#"
"648414","jquery-validation","2010-05-05T13:40:20Z","7805","9007","2599","54","MIT License","JavaScript"
"59944455","tutorials","2016-05-29T13:29:44Z","50482","4197","2591","4","MIT License","Python"
"55763295","blur-admin","2016-04-08T08:30:20Z","87348","9232","2587","242","Other","JavaScript"
"6198699","ui-grid","2012-10-13T01:39:25Z","17211","5196","2587","679","MIT License","JavaScript"
"24635156","sweetalert","2014-09-30T11:12:48Z","3599","19066","2585","99","MIT License","TypeScript"
"47018239","awesome-interview-questions","2015-11-28T09:48:17Z","222","20302","2585","2","null","null"
"61993351","TensorFlow-Tutorials","2016-06-26T14:43:21Z","63680","5286","2582","1","MIT License","Jupyter Notebook"
"648343","muduo","2010-05-05T12:58:02Z","1486","4758","2582","34","Other","C++"
"87624870","SpringCloudLearning","2017-04-08T10:06:56Z","354","4193","2581","20","null","Java"
"13722949","shiny-examples","2013-10-20T17:05:23Z","56095","958","2573","30","Other","JavaScript"
"41766002","amphtml","2015-09-01T22:10:53Z","496441","11975","2569","1414","Apache License 2.0","JavaScript"
"37931301","react-redux-universal-hot-example","2015-06-23T16:39:21Z","7031","11438","2568","449","MIT License","JavaScript"
"139824423","100-Days-Of-ML-Code","2018-07-05T09:11:43Z","10964","13969","2567","28","MIT License","null"
"67481986","tinker","2016-09-06T06:57:52Z","4111","12452","2559","64","Other","Java"
"42586612","openface","2015-09-16T12:47:27Z","24492","10694","2559","3","Apache License 2.0","Lua"
"23301468","AndroidSwipeLayout","2014-08-25T04:09:33Z","399","10521","2556","335","MIT License","Java"
"21515044","awesome-datascience","2014-07-05T07:07:43Z","481","8593","2553","0","MIT License","null"
"5880912","pomelo","2012-09-20T02:37:07Z","61040","9603","2549","109","MIT License","JavaScript"
"3199002","linux","2012-01-17T12:10:20Z","1957157","4924","2546","142","Other","C"
"43723161","helm","2015-10-06T01:07:32Z","10755","7540","2542","596","Apache License 2.0","Go"
"1580851","PhotoSwipe","2011-04-07T05:46:29Z","28118","17156","2541","471","MIT License","JavaScript"
"6934395","rocksdb","2012-11-30T06:16:18Z","118306","11557","2537","214","Other","C++"
"1090311","logstash","2010-11-18T01:31:50Z","104746","9370","2537","1312","Other","Ruby"
"16005410","CircleImageView","2014-01-17T16:44:46Z","971","10502","2535","8","Apache License 2.0","Java"
"21848231","Designers-Learn-Git","2014-07-15T05:58:05Z","41863","110","2533","1241","null","null"
"42751014","clipboard.js","2015-09-18T23:04:55Z","1647","23559","2532","36","null","JavaScript"
"10020773","gekko","2013-05-12T22:52:01Z","5163","7195","2529","507","MIT License","JavaScript"
"43461052","hello-world-ruby-q-000","2015-09-30T21:44:28Z","39","8","2528","2647","Other","Ruby"
"26102180","material-dialogs","2014-11-03T03:21:42Z","183232","14211","2528","3","Apache License 2.0","Kotlin"
"63539055","awesome-mac","2016-07-17T15:33:47Z","2908","20884","2528","28","Creative Commons Zero v1.0 Universal","HTML"
"33596734","devops-intro-project","2015-04-08T09:13:52Z","46","106","2525","44","null","Shell"
"381979","fullcalendar","2009-11-22T23:16:51Z","18138","8281","2522","527","MIT License","JavaScript"
"569041","curl","2010-03-18T22:32:22Z","55700","9478","2521","60","Other","C"
"12970971","samples","2013-09-20T10:40:23Z","17133","5714","2521","5","BSD 3-Clause "New" or "Revised" License","JavaScript"
"6838921","prometheus","2012-11-24T11:14:12Z","41267","18819","2521","290","Apache License 2.0","Go"
"28801013","cs231n.github.io","2015-01-05T06:43:22Z","26335","5032","2520","62","MIT License","HTML"
"5279091","dagger","2012-08-02T23:25:32Z","6834","6867","2518","61","Apache License 2.0","Java"
"2888818","scala","2011-12-01T05:02:34Z","103580","10661","2517","95","BSD 3-Clause "New" or "Revised" License","Scala"
"841835","readthedocs.org","2010-08-16T19:18:06Z","51566","4614","2515","452","MIT License","Python"
"261335","progit","2009-07-27T04:52:25Z","33201","5830","2513","23","null","Ruby"
"36301881","ftc_app","2015-05-26T14:36:54Z","784113","604","2509","80","null","Java"
"31442740","Source-Code-from-Tutorials","2015-02-27T22:53:56Z","36731","1587","2507","50","null","Python"
"22607013","amazeui","2014-08-04T14:23:37Z","20647","12257","2507","79","Other","JavaScript"
"23865876","lib-flexible","2014-09-10T07:59:51Z","8575","8236","2504","8","null","JavaScript"
"50803610","RocAlphaGo","2016-02-01T00:40:29Z","5438","8862","2503","30","MIT License","Python"
"4368712","jersey","2012-05-18T11:38:25Z","38964","2805","2502","552","Other","Java"
"2544179","Arduino","2011-10-09T19:53:59Z","920","807","2497","6","MIT License","C++"
"53619303","f8app","2016-03-10T21:45:12Z","14278","12945","2495","16","Other","JavaScript"
"90792131","android-architecture-components","2017-05-09T21:09:14Z","2434","9875","2494","186","Apache License 2.0","Kotlin"
"22657662","docker-cheat-sheet","2014-08-05T20:04:20Z","654","14285","2492","5","null","null"
"3602123","hammer.js","2012-03-02T12:58:28Z","10192","18974","2492","250","MIT License","JavaScript"
"3544424","httpie","2012-02-25T12:39:13Z","3701","37316","2492","142","Other","Python"
"41058054","CppCoreGuidelines","2015-08-19T20:22:52Z","23257","19675","2490","108","Other","Python"
"75164823","rocketmq","2016-11-30T08:00:08Z","3878","5368","2489","26","Apache License 2.0","Java"
"81545439","qiubaiying.github.io","2017-02-10T08:45:46Z","12795","650","2485","67","MIT License","HTML"
"1514950","docs","2011-03-23T04:54:13Z","60857","604","2482","53","Other","Makefile"
"8538132","Flat-UI","2013-03-03T15:36:49Z","36101","14176","2482","7","MIT License","CSS"
"56728437","labs","2016-04-20T23:52:34Z","221546","6137","2481","25","Apache License 2.0","PHP"
"3116751","androidannotations","2012-01-06T08:48:03Z","21918","10481","2476","84","Other","Java"
"244025","tweepy","2009-07-06T04:15:34Z","2154","5383","2476","352","MIT License","Python"
"1460385","scipy","2011-03-09T18:52:03Z","81696","4889","2476","1279","Other","Python"
"9387601","datasci_course_materials","2013-04-12T05:54:36Z","77687","849","2475","45","null","HTML"
"2281775","WebViewJavascriptBridge","2011-08-28T02:25:27Z","514","11373","2464","43","MIT License","Objective-C"
"40422430","rottenpotatoes-rails-intro","2015-08-09T02:12:21Z","799","18","2459","1","null","Ruby"
"58559694","desktop","2016-05-11T15:59:00Z","182869","5905","2457","446","MIT License","TypeScript"
"9190413","wechat-php-sdk","2013-04-03T08:42:11Z","992","4135","2455","152","null","PHP"
"41717707","neural-style","2015-09-01T04:55:14Z","48191","16076","2454","305","MIT License","Lua"
"83999700","Best-websites-a-programmer-should-visit","2017-03-05T20:25:17Z","818","22562","2449","57","MIT License","null"
"9899931","java-buildpack","2013-05-06T23:58:33Z","4812","286","2447","29","Apache License 2.0","Ruby"
"2183193","Theano","2011-08-10T03:48:06Z","66897","8470","2445","628","Other","Python"
"20430314","FlappySwift","2014-06-03T05:04:12Z","227","8717","2444","1","MIT License","Swift"
"51620087","facenet","2016-02-12T22:14:40Z","2975","5707","2444","265","MIT License","Python"
"597879","mongoose","2010-04-06T21:39:05Z","43967","16886","2443","328","null","JavaScript"
"13431235","leetcode","2013-10-09T02:33:48Z","40423","5796","2442","43","BSD 3-Clause "New" or "Revised" License","TeX"
"2489216","intellij-community","2011-09-30T13:33:05Z","2995710","6516","2441","80","Apache License 2.0","null"
"1579809","iCarousel","2011-04-06T23:23:43Z","3896","10801","2439","377","Other","Objective-C"
"1283503","request","2011-01-23T01:25:14Z","2362","20597","2438","736","Apache License 2.0","JavaScript"
"51732606","fullstack-course4","2016-02-15T05:20:42Z","31574","1303","2435","6","null","JavaScript"
"30092893","coreclr","2015-01-30T22:10:02Z","241309","9902","2431","1859","Other","C#"
"13753636","generator-jhipster","2013-10-21T20:07:22Z","33432","11486","2430","63","Apache License 2.0","JavaScript"
"2317369","gaia","2011-09-03T01:38:46Z","999796","2070","2429","1230","Other","JavaScript"
"45261969","plaid","2015-10-30T16:10:56Z","32594","11632","2426","50","Apache License 2.0","Java"
"31865176","Material-Animations","2015-03-08T20:54:00Z","8692","12001","2424","15","MIT License","Java"
"184981","memcached","2009-04-24T23:34:25Z","7529","8117","2420","40","Other","C"
"48626335","vue-cli","2015-12-26T23:11:20Z","8434","15938","2419","151","MIT License","JavaScript"
"2491285","BrowserQuest","2011-09-30T18:47:48Z","68445","7959","2416","4","Other","JavaScript"
"132750724","build-your-own-x","2018-05-09T12:03:18Z","784","38392","2415","1","null","null"
"20904437","gin","2014-06-16T23:57:25Z","1924","20449","2414","162","MIT License","Go"
"17375436","es6features","2014-03-03T18:29:30Z","199","24984","2412","38","MIT License","null"
"38003903","react-redux-starter-kit","2015-06-24T18:38:28Z","1190","10361","2411","130","MIT License","JavaScript"
"12779699","RAP","2013-09-12T09:18:22Z","358496","9158","2409","396","GNU General Public License v3.0","JavaScript"
"41482296","DroidPlugin","2015-08-27T11:14:57Z","1794","5852","2409","207","GNU Lesser General Public License v3.0","Java"
"10614101","curriculum","2013-06-11T03:22:30Z","29425","1084","2408","14","Other","HTML"
"6297520","zipline","2012-10-19T15:50:29Z","154411","7626","2404","231","Apache License 2.0","Python"
"7010724","cat","2012-12-05T02:31:48Z","93997","5847","2400","8","Apache License 2.0","JavaScript"
"19919669","layer","2014-05-18T19:58:09Z","717","6872","2397","19","MIT License","JavaScript"
"24628923","MaterialDesignLibrary","2014-09-30T07:37:17Z","8930","8830","2397","262","Apache License 2.0","Java"
"738491","facebook-ios-sdk","2010-06-24T22:11:03Z","73192","5968","2394","4","Other","Objective-C"
"103645588","iview-admin","2017-09-15T10:34:27Z","59195","8570","2392","351","MIT License","Vue"
"95189138","p3c","2017-06-23T06:15:51Z","20191","11064","2386","33","Apache License 2.0","Kotlin"
"43160685","zulip","2015-09-25T16:37:25Z","216076","8030","2384","1132","Other","Python"
"48764652","react-native-maps","2015-12-29T19:54:20Z","61374","8103","2383","403","MIT License","Objective-C"
"24561828","ChatterBot","2014-09-28T14:49:00Z","3818","6644","2379","182","BSD 3-Clause "New" or "Revised" License","Python"
"1358497","html5shiv","2011-02-12T12:21:10Z","5144","9110","2379","60","null","JavaScript"
"8900723","ngrok","2013-03-20T09:37:43Z","858","14334","2379","121","Other","Go"
"1053062","learn_ruby","2010-11-05T02:32:05Z","790","204","2376","21","null","Ruby"
"92287968","cheatsheets-ai","2017-05-24T12:06:56Z","27532","10219","2373","6","MIT License","null"
"89247811","openpose","2017-04-24T14:06:31Z","81322","8915","2363","84","Other","C++"
"35718695","android-ndk","2015-05-16T10:02:15Z","41184","5085","2358","17","Apache License 2.0","C++"
"14125254","consul","2013-11-04T22:15:27Z","63392","13423","2354","466","Mozilla Public License 2.0","Go"
"21339768","react-tutorial","2014-06-30T04:42:12Z","1039","3275","2350","7","Other","JavaScript"
"84703916","awesome-blockchain-cn","2017-03-12T06:02:46Z","176","12533","2349","8","Apache License 2.0","JavaScript"
"2096579","marked","2011-07-24T13:15:51Z","1457","17337","2347","91","Other","JavaScript"
"72815138","weui-wxss","2016-11-04T04:47:02Z","128","6955","2345","54","Other","JavaScript"
"103749180","cosmos","2017-09-16T12:07:05Z","15816","9681","2344","978","GNU General Public License v3.0","Jupyter Notebook"
"50264296","bulma","2016-01-23T23:48:34Z","71506","29795","2344","434","MIT License","CSS"
"29078997","roslyn","2015-01-11T02:39:03Z","446420","9827","2342","5079","Apache License 2.0","C#"
"8162615","pcl","2013-02-12T16:40:25Z","223819","2883","2340","344","Other","C++"
"65834","platform_development","2008-10-21T18:19:57Z","460787","2168","2339","15","null","Python"
"31791482","Windows-driver-samples","2015-03-06T22:16:09Z","162035","2301","2338","97","Microsoft Public License","C"
"4534540","art-template","2012-06-03T03:37:57Z","3161","7354","2337","50","MIT License","JavaScript"
"2352744","cas","2011-09-09T01:36:42Z","1376106","4744","2337","13","Apache License 2.0","Java"
"83119431","AiLearning","2017-02-25T08:53:02Z","141727","5935","2336","23","GNU General Public License v3.0","Python"
"101394335","ant-design-pro","2017-08-25T10:40:44Z","27232","12514","2335","58","MIT License","JavaScript"
"28707589","trip-to-iOS","2015-01-02T08:18:53Z","164","7465","2333","0","null","Objective-C"
"640534","sympy","2010-04-30T20:37:14Z","94938","5107","2333","3435","Other","Python"
"37448451","mattermost-server","2015-06-15T06:50:02Z","309539","13033","2331","160","Other","Go"
"13233158","obs-studio","2013-10-01T02:40:31Z","26768","10550","2327","83","GNU General Public License v2.0","C"
"21133266","android-open-project-analysis","2014-06-23T16:20:15Z","43084","6396","2327","4","Apache License 2.0","null"
"1767089","heroku-buildpack-nodejs","2011-05-18T17:00:45Z","9469","922","2326","31","MIT License","Shell"
"30025372","huxpro.github.io","2015-01-29T15:03:17Z","42032","3307","2317","49","Apache License 2.0","CSS"
"40903276","okhttputils","2015-08-17T14:53:29Z","17152","6380","2316","218","Apache License 2.0","Java"
"33569135","RxSwift","2015-04-07T21:25:17Z","12530","14419","2314","33","Other","Swift"
"5133949","swoole-src","2012-07-21T13:49:59Z","20839","10590","2312","35","Apache License 2.0","C"
"68287594","academicpages.github.io","2016-09-15T11:16:04Z","50112","842","2308","41","MIT License","JavaScript"
"38867","rails-i18n","2008-07-31T13:07:53Z","2358","3305","2305","54","MIT License","Ruby"
"13677187","torch7","2013-10-18T12:13:58Z","2611","8030","2305","246","Other","C"
"4168403","training-day","2012-04-28T16:13:46Z","2705","115","2302","1625","null","Clojure"
"302322","gradle","2009-09-09T18:27:19Z","228546","7495","2299","1245","Apache License 2.0","Groovy"
"44416666","electron-quick-start","2015-10-16T23:56:39Z","61","4547","2297","4","Creative Commons Zero v1.0 Universal","JavaScript"
"961036","hibernate-orm","2010-10-04T16:15:52Z","160071","3375","2296","106","null","Java"
"21484781","jumpserver","2014-07-04T03:54:59Z","43809","6353","2295","82","GNU General Public License v2.0","JavaScript"
"35065876","python-docs-samples","2015-05-04T23:26:13Z","15469","2080","2293","138","Apache License 2.0","Python"
"26740039","mejorandogit","2014-11-17T04:29:10Z","9543","68","2293","320","null","CSS"
"35978156","google-services","2015-05-20T22:45:11Z","8507","2260","2287","38","Apache License 2.0","Java"
"42360601","Machine-Learning-Tutorials","2015-09-12T14:51:38Z","8886","7962","2285","10","Creative Commons Zero v1.0 Universal","null"
"91253698","ccxt","2017-05-14T15:41:56Z","739953","8574","2283","253","MIT License","JavaScript"
"98542246","shadowsocksr","2017-07-27T13:58:27Z","1744","2824","2281","22","Apache License 2.0","Python"
"1538210","SVProgressHUD","2011-03-28T19:23:04Z","1087","11225","2277","65","MIT License","Objective-C"
"5972219","bootstrap-select","2012-09-26T20:56:59Z","6539","7554","2277","432","MIT License","JavaScript"
"29357796","awesome-computer-vision","2015-01-16T16:48:47Z","378","8731","2276","29","null","null"
"34275045","kaldi","2015-04-20T17:23:16Z","112370","4411","2275","152","Other","Shell"
"131582572","architecture.of.internet-product","2018-04-30T10:25:31Z","599861","11942","2274","6","null","null"
"26516210","certbot","2014-11-12T02:52:20Z","19785","23199","2271","1041","Other","Python"
"1725199","linguist","2011-05-09T22:53:13Z","34600","6033","2270","68","MIT License","Ruby"
"3122202","RxJS","2012-01-07T00:31:41Z","67978","19351","2262","288","Other","JavaScript"
"6365284","contiki","2012-10-24T05:59:36Z","73054","2806","2257","504","Other","C"
"21265042","AsyncDisplayKit","2014-06-27T05:29:02Z","131026","12831","2256","19","Other","Objective-C++"
"15480067","react-bootstrap","2013-12-27T19:06:07Z","7535","13711","2254","105","MIT License","JavaScript"
"508845","RestKit","2010-02-09T01:14:06Z","43459","10303","2252","355","Apache License 2.0","Objective-C"
"230589","codeigniter-restserver","2009-06-18T15:54:54Z","3871","4050","2252","27","MIT License","PHP"
"771016","boto","2010-07-12T19:15:33Z","15815","6182","2251","1163","Other","Python"
"12201538","aspnetboilerplate","2013-08-18T20:45:08Z","56100","5304","2249","240","MIT License","C#"
"27595858","MachineLearning","2014-12-05T14:53:17Z","8209","2798","2248","17","null","Python"
"698041","async","2010-06-01T21:01:30Z","5041","24615","2248","9","MIT License","JavaScript"
"34364279","android-samples","2015-04-22T02:35:21Z","1057","1388","2247","39","Apache License 2.0","Java"
"22489033","machine_learning_examples","2014-07-31T23:40:45Z","22032","1946","2246","25","null","Python"
"501326","requirejs","2010-02-03T21:08:14Z","14737","11778","2243","229","Other","JavaScript"
"108278","chef","2009-01-15T20:40:48Z","105999","5426","2242","541","Apache License 2.0","Ruby"
"10536180","AngularJS-Learning","2013-06-06T20:48:17Z","1125","10867","2239","9","null","null"
"17804584","java8-tutorial","2014-03-16T17:25:43Z","144","9944","2238","18","MIT License","Java"
"28312955","home-assistant.io","2014-12-21T20:59:21Z","305645","430","2235","69","Other","HTML"
"47023603","xxl-job","2015-11-28T12:59:34Z","27883","5190","2234","167","GNU General Public License v3.0","Java"
"440826","SlickGrid","2009-12-17T18:27:47Z","6502","6391","2231","468","MIT License","JavaScript"
"7587038","canal","2013-01-13T10:59:52Z","3706","5733","2231","95","Apache License 2.0","Java"
"1451352","mocha","2011-03-07T18:44:25Z","9780","16201","2231","306","MIT License","JavaScript"
"326688","mustache.js","2009-10-04T23:41:19Z","1299","12403","2229","84","MIT License","JavaScript"
"715547","highcharts","2010-06-11T12:23:53Z","192379","7935","2225","1502","Other","HTML"
"41912791","v2ray-core","2015-09-04T11:42:53Z","25946","10312","2223","61","MIT License","Go"
"3526586","fpinscala","2012-02-23T15:26:37Z","5081","3942","2223","101","MIT License","Scala"
"31872332","DataScienceSpCourseNotes","2015-03-09T00:51:32Z","142925","574","2221","4","null","HTML"
"26827696","docker-elk","2014-11-18T20:07:47Z","296","5035","2221","4","MIT License","Dockerfile"
"5901900","disruptor","2012-09-21T13:42:24Z","7962","8524","2218","2","Apache License 2.0","Java"
"8940534","ctci","2013-03-21T23:01:01Z","5088","4256","2217","75","null","Java"
"112507086","30-seconds-of-code","2017-11-29T17:35:03Z","11655","21694","2216","10","Creative Commons Zero v1.0 Universal","JavaScript"
"28241982","docker-images","2014-12-19T18:53:18Z","10149","2399","2215","61","Other","Shell"
"3403779","ML_for_Hackers","2012-02-10T03:00:23Z","121125","3390","2212","33","null","R"
"40010613","iOSInterviewQuestions","2015-07-31T15:02:54Z","383","7018","2209","68","null","Objective-C"
"58588091","messenger-platform-samples","2016-05-11T22:49:23Z","7426","1352","2207","11","Other","JavaScript"
"1213225","highlight.js","2011-01-01T23:47:21Z","8608","12884","2204","328","Other","JavaScript"
"33082868","PiggyMetrics","2015-03-29T17:56:31Z","1464","4004","2203","8","MIT License","Java"
"90069297","sfdx-travisci","2017-05-02T19:17:43Z","69","51","2201","5","Apache License 2.0","Apex"
"481366","gitflow","2010-01-20T23:14:12Z","5251","20746","2200","297","Other","Shell"
"15126429","Mvc","2013-12-12T03:54:00Z","71125","5614","2198","167","Other","C#"
"17575535","chartist-js","2014-03-09T22:40:07Z","11930","11056","2196","282","Other","JavaScript"
"36205608","JSPatch","2015-05-25T02:37:22Z","7890","10587","2195","91","MIT License","Objective-C"
"41822876","2015lab1","2015-09-02T19:22:42Z","2471","123","2193","3","null","Shell"
"21393871","awesome-javascript","2014-07-01T15:59:02Z","639","15342","2193","174","null","null"
"8966356","packer","2013-03-23T05:43:03Z","37755","7998","2192","362","Mozilla Public License 2.0","Go"
"2579314","Faker","2011-10-14T22:49:02Z","7893","17242","2192","130","Other","PHP"
"25459400","pinpoint","2014-10-20T09:27:22Z","200138","6831","2188","121","Apache License 2.0","Java"
"18294","active_merchant","2008-05-20T13:53:26Z","17421","3844","2187","106","MIT License","Ruby"
"15308499","Sortable","2013-12-19T10:10:13Z","1135","14286","2187","271","null","JavaScript"
"38934449","react-redux","2015-07-11T17:32:01Z","1536","13880","2185","19","MIT License","JavaScript"
"74073233","algorithms","2016-11-17T22:32:08Z","1169","12728","2184","21","MIT License","Python"
"21696302","awesome-swift","2014-07-10T14:04:09Z","4125","15506","2184","2","Creative Commons Zero v1.0 Universal","Swift"
"6709682","nvd3","2012-11-15T18:51:59Z","16893","6662","2182","537","Other","JavaScript"
"557977","socket.io-client","2010-03-11T18:23:03Z","5029","6264","2180","116","MIT License","JavaScript"
"8686855","intro.js","2013-03-10T15:12:45Z","6825","17109","2179","301","Other","HTML"
"52677592","awesome-tensorflow","2016-02-27T17:00:27Z","205","12535","2177","22","Creative Commons Zero v1.0 Universal","null"
"28550872","Android-PickerView","2014-12-28T01:46:38Z","6284","8261","2176","151","Apache License 2.0","Java"
"12670444","bluebird","2013-09-07T19:39:57Z","14540","17304","2176","108","MIT License","JavaScript"
"143580","django-cms","2009-03-05T10:14:18Z","80760","6164","2173","240","BSD 3-Clause "New" or "Revised" License","Python"
"53658802","weex","2016-03-11T10:18:11Z","136637","17068","2171","542","null","null"
"317888","liferay-plugins","2009-09-25T22:56:21Z","1767764","527","2168","10","Other","Java"
"5187976","openmrs-core","2012-07-26T04:54:29Z","228034","681","2166","10","Other","Java"
"76222419","mars","2016-12-12T04:39:54Z","51318","11116","2166","75","Other","C++"
"5627682","Mobile-Detect","2012-08-31T10:58:16Z","3632","8143","2166","157","Other","PHP"
"3834332","bokeh","2012-03-26T15:40:01Z","145513","8125","2165","456","BSD 3-Clause "New" or "Revised" License","Python"
"10391073","edx-platform","2013-05-30T20:20:38Z","960911","3847","2164","205","GNU Affero General Public License v3.0","Python"
"1187853","JSON-java","2010-12-21T17:46:09Z","819","3010","2163","7","Other","Java"
"317887","liferay-portal","2009-09-25T22:55:58Z","12776111","1289","2162","83","Other","Java"
"26917568","nodemcu-firmware","2014-11-20T15:06:45Z","106770","4718","2162","200","MIT License","C"
"32484381","free-for-dev","2015-03-18T21:06:26Z","1225","19751","2162","18","null","null"
"10410764","AndroidSlidingUpPanel","2013-05-31T18:33:53Z","2861","7927","2161","264","Apache License 2.0","Java"
"12785292","onepage-scroll","2013-09-12T14:07:28Z","1070","9346","2161","263","null","JavaScript"
"53092757","BotBuilder","2016-03-03T23:47:03Z","217286","5346","2160","248","MIT License","C#"
"4472401","WhatsAPI","2012-05-28T16:29:46Z","3191","2502","2159","592","null","null"
"3451238","yii","2012-02-15T16:26:22Z","28436","4873","2157","0","BSD 3-Clause "New" or "Revised" License","PHP"
"35632797","Signup","2015-05-14T19:42:17Z","222","1343","2156","5","null","null"
"20105255","MJExtension","2014-05-23T15:54:00Z","2433","7774","2156","314","MIT License","Objective-C"
"790031","nova","2010-07-22T02:04:27Z","901422","2317","2155","0","Apache License 2.0","Python"
"105825987","hacktoberfest","2017-10-04T22:34:49Z","2761","319","2155","1845","GNU General Public License v3.0","HTML"
"8681349","huginn","2013-03-10T06:00:31Z","7433","19601","2155","313","MIT License","Ruby"
"43877558","notes-python","2015-10-08T09:30:56Z","10764","3993","2152","6","null","Jupyter Notebook"
"16203763","LeetCode","2014-01-24T12:25:46Z","4950","5413","2149","6","MIT License","Python"
"2087064","SignalR","2011-07-22T03:52:19Z","43156","7323","2148","534","Other","C#"
"35812923","awesome-deep-vision","2015-05-18T11:02:08Z","314","7239","2147","29","null","null"
"55147386","tflearn","2016-03-31T12:05:53Z","1527","8520","2139","530","Other","Python"
"11116372","keystone","2013-07-02T05:01:55Z","148921","13291","2135","332","MIT License","JavaScript"
"1579990","MonoGame","2011-04-07T00:23:40Z","83514","5306","2133","953","Other","C#"
"21113349","AndroidViewAnimations","2014-06-23T03:53:13Z","288","9848","2132","47","MIT License","Java"
"995750","Vundle.vim","2010-10-17T23:17:53Z","933","18264","2132","167","MIT License","Vim script"
"206444","hive","2009-05-21T02:31:01Z","438663","2096","2127","183","Apache License 2.0","Java"
"8068127","hyde","2013-02-07T07:01:38Z","28428","2309","2126","68","Other","CSS"
"2051226","FileSaver.js","2011-07-15T03:27:54Z","187","8987","2125","102","Other","JavaScript"
"24420506","v8","2014-09-24T15:24:30Z","848902","10526","2124","0","Other","C++"
"249870","hadoop-book","2009-07-13T10:13:48Z","2664","2341","2123","15","null","Makefile"
"68730444","BotBuilder-Samples","2016-09-20T16:17:28Z","40358","1419","2123","103","MIT License","C#"
"8410317","screencasts","2013-02-25T14:08:13Z","31306","2558","2122","13","MIT License","JavaScript"
"345337","openFrameworks","2009-10-21T21:55:54Z","1997614","6365","2121","848","Other","C++"
"25062303","android-testing","2014-10-11T03:51:27Z","11116","5658","2115","43","Apache License 2.0","Java"
"206424","cassandra","2009-05-21T02:10:09Z","277385","4668","2114","97","Apache License 2.0","Java"
"11061773","eslint","2013-06-29T23:59:48Z","18531","12294","2113","358","MIT License","JavaScript"
"36027077","char-rnn","2015-05-21T17:25:24Z","13412","8470","2110","103","null","Lua"
"71972","jquery_lazyload","2008-11-05T16:55:49Z","5039","7485","2109","106","MIT License","JavaScript"
"3476845","Newtonsoft.Json","2012-02-18T07:30:28Z","25196","5983","2109","246","MIT License","C#"
"47311134","design-resource","2015-12-03T05:51:19Z","13","1938","2108","30","null","null"
"5405654","learnGitBranching","2012-08-13T22:36:09Z","50102","6585","2107","19","MIT License","JavaScript"
"15045751","compose","2013-12-09T11:40:58Z","10728","13762","2103","593","Apache License 2.0","Python"
"2183338","spring-integration-samples","2011-08-10T04:40:02Z","11562","1404","2102","16","null","Java"
"380961","masonry","2009-11-21T21:04:56Z","1479","13449","2101","13","null","HTML"
"36633370","awesome-selfhosted","2015-06-01T02:33:17Z","3683","25775","2100","62","Other","JavaScript"
"15460666","aleth","2013-12-26T21:26:06Z","54735","3374","2099","318","GNU General Public License v3.0","C++"
"45115168","cn.vuejs.org","2015-10-28T13:45:49Z","34790","969","2099","3","MIT License","JavaScript"
"6292029","VitamioBundle","2012-10-19T08:40:49Z","186316","4776","2096","286","Other","Java"
"22891675","startbootstrap-freelancer","2014-08-12T20:36:12Z","7896","1602","2095","13","MIT License","JavaScript"
"15681670","devart-template","2014-01-06T18:33:17Z","69237","85","2094","200","null","null"
"41986369","tidb","2015-09-06T04:01:52Z","82329","14900","2093","539","Apache License 2.0","Go"
"26363421","Android-ObservableScrollView","2014-11-08T14:45:20Z","13780","8996","2090","176","Apache License 2.0","Java"
"70208477","CarND-LaneLines-P1","2016-10-07T02:12:37Z","44483","478","2088","0","MIT License","Jupyter Notebook"
"873328","sentry","2010-08-30T22:06:41Z","92365","18054","2085","819","BSD 3-Clause "New" or "Revised" License","Python"
"38066334","caffe2","2015-06-25T18:23:47Z","402975","8272","2084","655","Apache License 2.0","C++"
"13124802","influxdb","2013-09-26T14:31:10Z","66916","14302","2083","837","Other","Go"
"87638072","EQGRP","2017-04-08T14:03:59Z","154216","3459","2082","15","null","Perl"
"14845405","elasticsearch-definitive-guide","2013-12-01T20:13:52Z","7499","2490","2080","157","Other","HTML"
"16878185","shadowsocks_install","2014-02-16T04:22:53Z","591","3965","2079","6","null","Shell"
"1413492","jquery-pjax","2011-02-26T02:44:18Z","911","16121","2078","83","MIT License","JavaScript"
"42488903","aframe","2015-09-15T02:04:40Z","246713","8790","2076","236","MIT License","JavaScript"
"11551538","koa","2013-07-20T18:53:45Z","1968","23037","2075","54","MIT License","JavaScript"
"46801369","cnn-text-classification-tf","2015-11-24T15:43:25Z","1137","3817","2074","93","Apache License 2.0","Python"
"33258973","telegraf","2015-04-01T16:28:44Z","19561","5493","2074","619","MIT License","Go"
"1790564","handsontable","2011-05-23T22:38:58Z","57823","10526","2073","530","MIT License","JavaScript"
"49712843","okhttp-OkGo","2016-01-15T10:35:24Z","84860","8152","2072","281","Apache License 2.0","Java"
"63962290","NecroBot","2016-07-22T15:05:59Z","10232","2747","2071","221","null","null"
"84533158","pytorch-tutorial","2017-03-10T07:41:47Z","13082","7066","2071","22","MIT License","Python"
"26783295","kong","2014-11-17T23:56:08Z","9828","17760","2070","282","Other","Lua"
"43998576","git-recipes","2015-10-10T06:53:17Z","267","8012","2069","5","null","null"
"1549207","XMPPFramework","2011-03-31T03:00:41Z","24680","5559","2069","450","Other","Objective-C"
"99805855","deep-learning-coursera","2017-08-09T12:28:46Z","49757","2596","2064","17","MIT License","Jupyter Notebook"
"34757182","interactive-coding-challenges","2015-04-28T21:36:39Z","7567","15147","2061","37","Other","Python"
"33627537","startbootstrap-creative","2015-04-08T19:25:24Z","7805","1295","2057","1","MIT License","CSS"
"86683265","wechat-app-mall","2017-03-30T09:16:15Z","4759","5478","2054","1","Apache License 2.0","JavaScript"
"65711522","Paddle","2016-08-15T06:59:08Z","134507","7518","2052","705","Apache License 2.0","C++"
"16334982","interview","2014-01-29T04:05:28Z","92","7477","2049","1","Do What The F*ck You Want To Public License","null"
"25185797","android-play-location","2014-10-14T01:50:09Z","674","1516","2048","105","Apache License 2.0","Java"
"84009","jasmine","2008-12-02T23:46:37Z","8404","13832","2047","44","null","JavaScript"
"16989371","MagicMirror","2014-02-19T15:48:09Z","12328","7175","2046","10","MIT License","JavaScript"
"5710848","Vulcan","2012-09-07T01:13:24Z","12659","6984","2045","118","MIT License","JavaScript"
"49767244","primeng","2016-01-16T09:23:28Z","36589","4501","2045","834","MIT License","HTML"
"7639232","protractor","2013-01-16T04:30:53Z","8888","7795","2044","400","MIT License","JavaScript"
"15644594","vuejs.org","2014-01-05T03:11:14Z","45740","2744","2043","155","MIT License","JavaScript"
"43443499","WeChatLuckyMoney","2015-09-30T16:11:20Z","649","6185","2043","22","Other","Java"
"910744","puppet","2010-09-14T19:26:44Z","68887","5069","2043","48","Other","Ruby"
"36205488","wechat","2015-05-25T02:33:37Z","96503","4477","2043","39","null","Java"
"2658203","DeepLearnToolbox","2011-10-27T13:15:57Z","16787","3052","2042","80","BSD 2-Clause "Simplified" License","Matlab"
"16408992","neovim","2014-01-31T13:39:22Z","73622","28428","2042","901","Other","Vim script"
"8393","paperclip","2008-04-10T19:58:20Z","3463","9003","2040","10","Other","Ruby"
"35455703","Agar.io-bot","2015-05-11T23:31:34Z","564","1126","2039","38","MIT License","JavaScript"
"58157629","magenta","2016-05-05T20:10:40Z","27539","10903","2039","147","Apache License 2.0","Python"
"64700934","openzeppelin-solidity","2016-08-01T20:54:54Z","2353","5900","2038","172","MIT License","JavaScript"
"53698446","sql-server-samples","2016-03-11T21:42:56Z","204822","2452","2037","69","Other","null"
"3714900","nginx-rtmp-module","2012-03-14T05:37:38Z","3169","7004","2037","803","BSD 2-Clause "Simplified" License","C"
"810796","rails_admin","2010-08-01T17:01:00Z","16635","6890","2037","399","MIT License","Ruby"
"33653601","notebook","2015-04-09T06:58:03Z","22727","4616","2035","1077","Other","JavaScript"
"27247448","python","2014-11-28T01:39:43Z","110745","2020","2029","28","MIT License","HTML"
"9603240","pure","2013-04-22T16:16:39Z","442","19033","2029","38","Other","HTML"
"120538304","nocode","2018-02-06T23:54:00Z","5","23753","2029","2356","Apache License 2.0","Dockerfile"
"41196157","shadowsocks","2015-08-22T07:26:36Z","273","1280","2026","4","Apache License 2.0","Python"
"62367558","hyper","2016-07-01T06:01:21Z","5776","25391","2024","576","MIT License","JavaScript"
"42237651","Front-end-tutorial","2015-09-10T10:19:34Z","616","3684","2023","8","null","null"
"24474126","ansible-modules-core","2014-09-25T20:28:25Z","14580","1125","2023","0","null","Python"
"19374812","tdesktop","2014-05-02T12:36:31Z","117436","8080","2023","917","Other","C++"
"20329618","skillcrush-104","2014-05-30T13:16:28Z","24255","13","2017","11","null","HTML"
"11893084","webuploader","2013-08-05T07:59:06Z","36394","6154","2017","2219","BSD 3-Clause "New" or "Revised" License","JavaScript"
"11820425","parallax","2013-08-01T15:28:05Z","3759","13327","2017","29","Other","JavaScript"
"74627617","openpilot","2016-11-24T01:33:30Z","341747","8284","2013","89","MIT License","C"
"1234714","elixir","2011-01-09T08:43:57Z","37758","13834","2011","35","Apache License 2.0","Elixir"
"38634106","ud036_StarterCode","2015-07-06T17:20:32Z","15","86","2010","22","null","Python"
"19141383","blog","2014-04-25T09:44:42Z","18911","16916","2006","12","null","null"
"22625346","sample-code","2014-08-05T01:05:03Z","51043","1206","2003","50","Apache License 2.0","HTML"
"22585805","awesome-pentest","2014-08-03T23:13:53Z","445","7597","2003","15","null","null"
"5710341","bower","2012-09-07T00:15:39Z","4280","15301","2002","213","MIT License","JavaScript"
"2346623","hubot-scripts","2011-09-08T05:39:54Z","2548","3506","2001","0","MIT License","CoffeeScript"
